team,facebook_name,facebook_likes,facebook_talking_about_count,facebook_url,twitter_name,twitter_followers,twitter_friends,twitter_favs_count,twitter_statuses,twitter_url,instagram_name,instagram_profile_pic_url,instagram_media,instagram_followers,instagram_follows,instagram_url,hashtags
1. FC K√∂ln,NaN,NaN,NaN,NaN,fckoeln,660929.0,6006.0,2761.0,32325.0,https://fc.de/start/,fckoeln,https://scontent-vie1-1.cdninstagram.com/vp/17bf2fce90bf1afed1338ced0271b800/5B6E516A/t51.2885-19/s320x320/27579261_195480194519706_2817532502187442176_n.jpg,3677.0,173826.0,1077.0,http://fc.de/,#Bundesliga #instasport #effzeh-Fans #KOEM05 #EFFZEHüêê‚öΩÔ∏è‚ù§ #BSCKOE #effzeh-Profi #effzeh Osako KOEM05 Gei√übockEcho M√ºller Jojic dj LIVE Horn M√ºnster training LP10 machetfc Doping Hector TSGKOE Ruthenbeck Maroh Risse Veh price Training FlashbackFriday effzeh Zoller vibes music BSCKOE KOEB04 koeM05 √ñzcan Koziello effzeh70 Fu√üball BLRookie Lazaro gym Cologne better song back rehabilitation Nartey durchetf√ºer positive
1. FSV Mainz 05,NaN,NaN,NaN,NaN,1FSVMainz05,181144.0,40.0,774.0,13186.0,NaN,1fsvmainz05,https://scontent-vie1-1.cdninstagram.com/vp/16f2e21141f1c766e8e9d7b1f04f4e4f/5B732DFE/t51.2885-19/s320x320/12237458_1645938252353219_896845751_a.jpg,2697.0,48755.0,42.0,http://www.mainz05.de/,#workhardplayhard #madeambruchweg #Bundesliga #EinmalMainzerimmerMainzer #Klassenerhalt #M05SCF #KOEM05 #Mainz05 #Training #Endspurt #05U23 Osako Bell KOEM05 Kl√ºnter Serdar Holtmann M√ºller Horn Clemens 05U23 ThrowbackThursday Onisiwo Bundesliga Hector Hazard Trainingsplan Gbamin Gro√üeliebe Sommer 05erNews Stindl √ñztunali Wendt Endspurt Cuisance Gaul Pizarro Warmup EarthHour Training M05BMG Terodde Frankfurt Berggreen M05KOE Diallo Hradeclky M05RBL DeBlasis √ñzcan TBT Kovac Boateng Koziello Aufstellung Hack M05SCF Quaison Ujah U21 Rebic Bittencourt Dahmen Latza Schwarz DeJong Maxim Raffael Jovic SGEM05 freundeDerHoffnung Ostern Mainz05 Hofmann TOTW Zentner 05ertv Brosinski Familientag Adler Bungert
1899 Hoffenheim,NaN,NaN,NaN,NaN,achtzehn99,190747.0,55.0,567.0,20328.0,https://www.achtzehn99.de/,tsg1899hoffenheim,https://scontent-vie1-1.cdninstagram.com/vp/6bb7a45d663a12f4d29d91b4ba27c2d7/5B72F8E4/t51.2885-19/s320x320/26068339_162411034379401_5795319528497872896_n.jpg,3902.0,75744.0,38.0,http://www.achtzehn99.de/,#EinTeamEinWegEinmalig #TSGHSV #U15 #HEIMSPIEL #SPIELTAG #Bundesliga-Saison #FRIDAYFEELING #Demirbay #H√ºbner #TSG #Nagelsmann FunFacts SPIELBERICHT TSGTV SPIELTAG ArenaGru√ü Bundesliga SkyOneT TSGAkademie EinTeamEinWegEinmalig Heimspiel TOP3TORE Demirbay2022 JOBS STARTELF TSGFu√üballschule Joelinton PREVIEW TOTW NationalPetDay TRAINING VOLUNTEERS WarmUp M√ºnster practice TOP3 TSGHSV H√ºber DEMIRBAY2022 skyOneT Schulz Akpoguma BERICHT FlashbackFriday Geiger Posch FANS Rupp RobertEnkeStiftung Baumann Szalai Hoffenheim SPIELFELD EinTeamSeineFansEinmalig Demirbay Kaderabek HALBZEIT FridayFeeling PK Wildersinn Hoogma Nordtveit ANPFIFF SGETSG INTERVIEW Matchcenter Nagelsmann TOPFACTS VORBERICHT selfie TICKETS Ostern SAMSTAG G√∂sweiner STIMMEN TSG ThursdayTennis Kramaric Simunic Amiri Grillitsch FANINFOS TSGKOE WednesdayWorkout H√ºbner Salihovic ENDSTAND GNABRY Wontorra TVSTIMMEN HEIMSPIEL NAGELSMANN SCOUTING INFOTWEET Vogt PKLIVE
AC Milan,NaN,NaN,NaN,NaN,acmilan,6732933.0,56.0,864.0,46656.0,https://www.acmilan.com/it,acmilan,https://scontent-vie1-1.cdninstagram.com/vp/2daf214f5efbadaf68511450a5c4361a/5B539D5F/t51.2885-19/s320x320/28752652_1588488094612523_1544789613409730560_n.jpg,3621.0,4214927.0,52.0,http://tickets.acmilan.com/,#tim #calcio #football #italy #igers #champion #brazil #seriea #ForzaMilan #seleccion #europe #passion #kaka #championsleague #museum #obrigado #weareateam #milan #thankyou #MilanNapolinüìã #casamilan #Legend #PrimaveraTIM #MilanPrimavera: #Milano #weareacmilan #ACMilans #MilanNapoli #history #city #MilanPrimavera #team Rino2021 TorinoMilan MilanSassuolo MilanPrimavera MilanInter InfernodelLunedi Milan 9‚É£9‚É£ Gattuso dieselxacmilan MilanTorino weareateam TBT HBD UCL MilanSassulo ForzaMilan MilanNapoli ACMilan weareacmilan PrimaveraTIM PrimaveraTIMCup
ACF Fiorentina,NaN,NaN,NaN,NaN,acffiorentina,620682.0,151.0,414.0,22936.0,http://it.violachannel.tv/index.php,acffiorentina,https://scontent-vie1-1.cdninstagram.com/vp/7bb3762e8a24654345f676f32cbad033/5B6EF8F6/t51.2885-19/s320x320/30079469_698373613666341_8245732528464330752_n.jpg,1927.0,345017.0,62.0,http://www.violachannel.tv/,#da13 #astori #FiorentinaSpecial #TifaPulito #RomaFiorentina #InViola #iovogliogiocareacalcio #QuartoTempoOnlus #ACFFiorentina #Repost #FiorentinaSpalxa0‚öΩÔ∏è #NascitaDiUnaNazionenxa0Anni #Fiorentinaspecialn#QuartoTempon#iovogliogiocareacalcio #capitano Veretout Unico10 Pasqua Davide MaxiOlivera DePaul Wembley FiorentinaSpecial RadioAnchioSport viola Easter Viareggio Cerofolini Biraghi Badelj Hugo Pioli Sportiello Stoian Franchi DA13 RuiCosta da13 INTERFIORENTINA ViareggioCup2018 Saponara FiorentinaPerugia Laurini VAR BrunoGaspar UCL Dragowski Florenzi Fiesole ViareggioCup InterFiorentina Mandragora Simeone Schick SerieA Repost BattitiViola Azzurri FrecceTricolori Milenkovic HallOfFame Thereau Mazzoni Zekhnini Dabo Benassi Falcinelli Cristoforo Dzeko Astori ForzaViola Nainggolan Eysseric EuropaLeague RomaFiorentina Pezzella Mediaset Crociata LoFaso Fiorentina IoVoglioGiocareACalcio Mondonico astori InghilterraItalia Fazio Sportello Perica GilDias Pegaso capitano UdineseFiorentina Chiesa Hallfredsson FiorentinaCrotone Calcio Cordaz FiorentinaSpal Capuano
AFC Bournemouth,NaN,NaN,NaN,NaN,afcbournemouth,359398.0,147.0,242.0,55148.0,NaN,officialafcb,https://scontent-vie1-1.cdninstagram.com/vp/1bdc7fbd26c764ce705963d12d6dc716/5B719A66/t51.2885-19/s320x320/28159118_417677288674518_5961780529471684608_n.jpg,2183.0,186639.0,70.0,http://www.afcb.co.uk/,#AskKing #afcb afcbu21s LIVBOU GoalOfTheDay afcb JD18 lfc AskKing BOUCRY
AS Monaco,NaN,NaN,NaN,NaN,AS_Monaco,2043161.0,318.0,2296.0,49170.0,http://www.asmonaco.com/fr/prehome-348.html,asmonaco,https://scontent-vie1-1.cdninstagram.com/vp/e0eeb600d077fa59dfb38ec730262bc9/5B6C016B/t51.2885-19/s320x320/23970087_1957529287803664_2461439344951427072_n.jpg,5240.0,806218.0,49.0,http://www.asmonaco.com/,#Foot #Football #Monaco #ASMonaco #MONDAYMOTIVATION #DagheMunegu #FridayFeeling #BVBASM #Focus #PSGASM #Training #UniqueForever FridayFeeling TropheesUNFP Tigre 35√®meJourn√©e daghe Mapartdombre April6 PSGASM hardwork MondayMotivation Ligue1 ConnectingValues Pirate HUGTIME DagheMunegu TopBut Round WhiteCard PartoutToujours SRFCASM munegu ASMFCN TopPlayer
AS Nancy,NaN,NaN,NaN,NaN,asnlofficiel,83769.0,446.0,3204.0,26552.0,http://www.asnl.net/236/intro,asnancylorraine,https://scontent-vie1-1.cdninstagram.com/vp/ef126127c3a59a7fb9ef63db35cd0aca/5B69B358/t51.2885-19/s320x320/12530997_827819424010353_758720305_a.jpg,623.0,21069.0,73.0,http://www.asnl.net/,#Koura #ASNL ACAASNL FOOT Champions98 SDR LuckyLuke ASNLSDR StadedeReims RCLASNL ASNL LateFC Pronostic Eloi Gabriel
AS Roma,NaN,NaN,NaN,NaN,OfficialASRoma,1625780.0,547.0,1762.0,56716.0,http://www.asroma.com/it,officialasroma,https://scontent-vie1-1.cdninstagram.com/vp/e831a3b67e256ee4b8d44a0438ba83e2/5B5E1219/t51.2885-19/s320x320/18888610_102271313713015_3915472506940555264_a.jpg,5100.0,1535570.0,74.0,http://bit.ly/2Ewhyfk,#Derby #RomaLiverpool‚ùóÔ∏èChe #ForzaRoma #DerbydellaCapitale #Vote #ChampionsLeague #RomaBarca #Totti #Goals #ChampionsMeetHere #üîÆ #‚öΩÔ∏è #Tifosi #Goal #‚úàÔ∏è #UCLDraw #Florenzi‚Äôs #Fans #RomaBarcaüëán‚†Ä‚†Ä‚†Ä‚†Ä‚†Ä‚†Ä‚†Ä‚†Ä‚†Änüòç #KingofRome #Lazio #ASRoma #DajeRoma #RomaBarcelona #UCL #LazioRoma #üî• liverpoolfc AnnounceTheGoat StadioOlimpico UCLdraw RomaBarca RomaArt ChampionsMeetHere Primavera1TIM DajeRoma asroma LazioRoma ASRoma ICC2018 ChampionsLeauge JJLupo LFC ThisisBOSS BOSSsports FireInTheBooth ItsAJazzThing UCL OnThisDay Dzeko JJLUPO RomaChievo GRANDIRAGAZZI ForzaRoma uefachampionsleague UCLDraw NationalPetDay RomaJuve ElctriCities JJ5 Pallotta RomaBarcellona
AS Saint-√âtienne,NaN,NaN,NaN,NaN,ASSEofficiel,714448.0,155.0,783.0,30322.0,http://www.asse.fr/fr/Pre-home,asseofficiel,https://scontent-vie1-1.cdninstagram.com/vp/1dbc682351aff59f8b683f131057383a/5B52A42D/t51.2885-19/s320x320/20633223_113595719302329_1993294545411899392_a.jpg,1399.0,111977.0,86.0,http://billetterie.asse.fr/,#football #fans #maestro #mvila #CoupeDeFrance #cabella #but #training #goal #goalkeeper #Debuchy #assepsg #Ruffier #PSG #psg #AllezLesVertes #debuchy #teamasse #asse #ASSEPSG #lass #victoire #soccer U19N Perrin J32 ASSE Selnaes MonnetPaquet N3 Tannane Pajot Beric LaChasseAuxPlaces GreenAngels Ruffier Emery Mvila J33 Courteille FormationASSE Janko GeoffroyGuichard PierreGabriel PrenezLeParis ASSERCSA Laurey CoupeDeFrance MeilleurPublicDeFrance Bamba RCSAASSE PSG Hamouma Bonnet MVila Strasbourg CASTING Subotic ASSEPSG TheophileCatherine GabrielSilva MagicFans ProgrammeASSE ZappingASSE Gasset Mus√©eDesVerts National3 AllezLesVerts Diousse
Angers SCO,NaN,NaN,NaN,NaN,AngersSCO,92791.0,223.0,7799.0,12665.0,http://www.angers-sco.fr/accueil,angers_sco,https://scontent-vie1-1.cdninstagram.com/vp/29477626f3e200f86531c4392b06f372/5B746069/t51.2885-19/11881781_807994382632846_1131524968_a.jpg,551.0,31387.0,91.0,http://www.angers-sco.fr/,#Warmingup #LaForceDuSCO #Ligue1 #Angers #SCORCSA #SCOOGCN √áaCaille LaForceDuSCO LT Beric TotalRegal IrigoL9 omsco SCOOGCN OMG Laurey SCORCSA mondialmontaigu Angers OMMHSC IrigoL12 TeamSCO SCOOM SCO MondialMontaigu Cestquandm√™mehyperloooooong SCOLAVAL Jplus1
Arsenal FC,NaN,NaN,NaN,NaN,Arsenal,13616578.0,156817.0,3775.0,79472.0,https://www.arsenal.com/,arsenalfc_official,https://scontent-vie1-1.cdninstagram.com/vp/ee5c2d1812f6cf9e46f9f7f174d82a8f/5B576E00/t51.2885-19/10735009_366357140186032_230991326_a.jpg,1530.0,221426.0,30.0,http://www.arsenal.com/, BIG17 UEL AFCStadiumTour AFCU23 AFC afc DatGuy AFCvSFC WeAreGunners COYG DatGuyWelbz WeAreTheArsenal CSKMoscow NUFCvAFC semis CSKAvAFC legends Semifinals Songkran arsenal YaGunnersYa
Atalanta,NaN,NaN,NaN,NaN,Atalanta_BC,264897.0,36.0,9996.0,30118.0,http://www.atalanta.it/,atalantabc,https://scontent-vie1-1.cdninstagram.com/vp/c0a61e80dde1403282ef2e2db9fc938c/5B537984/t51.2885-19/s320x320/26070028_273490113180382_8798506746583711744_n.jpg,5006.0,91974.0,55.0,https://www.atalanta.it/,#GoAtalantaGo #Bergamo #Freuler #AtalantaInternEmozioni #AtalantaLife #AtalantaInter #15aprile #Bergamon#AtalantaInter #Moioli #Atalanta #EuAtalanta #Goggia Brambilla AtalantaInter ItaliaUngheria Buongiorno Pasqua AtalantaRoma atalanta Bergamo AtalantaSpal Castagne Mallamo serieA Vorlicky 15aprile AtalantaVivaio AtalantaPrimavera ManOfTheMonth Gasperini AtalantaSamp BuondIndovinello Iliƒçiƒá Spal Primavera1TIM AtalantaStore Derbali Mehiƒá Haas PapuGomez deRoon HappyBirthday weareatalantabergamo JuniorTIMCup Under17 PinaGomes Veratour Mancini AtalantaFootballCamp Goggia Freuler Palomino Latte Toloi Atalanta RizzoPinna 10aprile PapuGome sololadea SpalAtalanta PulciniAtalanta AtalantaNapoli juniortimcup Inter Masiello SerieATIM Hateboer LaScuolaAlloStadio Cristante Moioli ItalianOptic Peli AtalantaLife Carnesecchi Under18 Berisha ManoftheMonth Under16 Gosens EuropaLeague Petagna SPALAtalanta 18aprile Papu Barrow Pulcini GoAtalantaGo Cornelius EuAtalanta ForzaRagazzi CrescendoGiocando 7aprile Caldara Gollini 14aprile
Athletic Bilbao,NaN,NaN,NaN,NaN,AthleticBilbao,13124.0,1298.0,4.0,62597.0,NaN,athleticclub,https://scontent-vie1-1.cdninstagram.com/vp/3d378f4187bd9e6b852f5ecd436c0e12/5B5F966B/t51.2885-19/s320x320/30084223_194724014473483_5717838705025089536_n.jpg,1149.0,181799.0,25.0,http://www.athletic-club.eus/,#futfem #athlive #VillarrealAthletic #athletic #opendeespa√±a #athleticclub #Repost #AthleticD√©por #AthleticCelta Athletic LaLiga
Atl√©tico Madrid,NaN,NaN,NaN,NaN,atletienglish,208125.0,50.0,30.0,18133.0,http://en.atleticodemadrid.com/,atleticodemadrid,https://scontent-vie1-1.cdninstagram.com/vp/5e30f0b97d18262c65739220f43a1426/5B5927BA/t51.2885-19/s320x320/19534151_320426881741663_3380489383391002624_a.jpg,7367.0,4280778.0,48.0,https://goo.gl/f6BLSU,#UELdrawn¬°Ya #Jugador5EstrellasATMnn#A√∫paAtleti #WandaMetropolitano #AtletiLevanteüëá #Atleti #Repost #AtletiLevante #Atl√©ticosAroundTheWorldnAt #EuropaLeague #Atl√©ticodeMadrid #LaLiga #Atl√©ticosDuMonde #Jugador5EstrellasATM #A√∫paAtleti #Atl√©tico #GoAtleti #Football #D√≠aDelNi√±o #UEL #Atl√©ticosAroundTheWorld #F√∫tbol #Atl√©ticosPorElMundoüåÉn¬°Ma√±ana #SportingCPAtleti #Soccer No hashtags found
Bayer Leverkusen,NaN,NaN,NaN,NaN,bayer04fussball,412807.0,92.0,9283.0,33134.0,https://www.bayer04.de/,bayer04fussball,https://scontent-vie1-1.cdninstagram.com/vp/d07a301683e3f86802a6ff7b5edda562/5B5576B7/t51.2885-19/s320x320/28157965_185415828853658_1952375674723368960_n.jpg,3243.0,334762.0,50.0,http://shop.bayer04.de/team/trikots-co/heimtrikot-jako-schwarz-erw-17-18.html,#lastpost #BayArena #Bundesliga #Bayer04 #tha #Neuville #bayer04 #Schuster- #st√§rkebayer #ready #instariddle #St√§rkeBayer #Werkself #B04SGE st√§rkeBayer Kie√üling B04SGE WerkselfU19 bayerleverkusen Jedvaj St√§rkeBayer Pressekonferenz Bayer04 Wendell auchRBarenaerfolgreichgelootet Baumi SvenBender WerkselfU17 Bundesliga RBLB04 Hasenh√ºttl Kies Leverkusen Baumgartlinger W11 Retsos St√§rkebayer Upamecano FUT Werkself U19 Manchester Henrichs DFBPokal ElfdesTages Brandt Werks11Fantalk CL Herrlich Kovac BayArena Lomb Havertz fortnitedance Fortnite SGEB04 Mr2021 MitdemKreuzaufderBrust B04FCA W11Fantalk Frey Bender Volland Werks11Radio st√§rkebayer
Bayern M√ºnchen,NaN,NaN,NaN,NaN,FCBayern,4439145.0,34.0,5343.0,48473.0,https://fcbayern.com/en,fcbayern,https://scontent-vie1-1.cdninstagram.com/vp/0cf5cf45e91122956c993743723291be/5B75611B/t51.2885-19/s320x320/19120497_137699173459975_8227449668729044992_a.jpg,9609.0,12266424.0,38.0,https://fc.bayern/SuperBayern,#RealMadrid #Matchday #üòç #Bundesliga #UCLdraw #ComeToMadrid #FCBBJK #SFCFCB #Lewandowski #FCBFCB #FCBPSG #RMAFCB #‚õ∑ #FCBRMA #Win #RoadtoKyiv #cristianoronaldo #Packmas #audi #AllianzArena: #FCBCFC #packmas #Sevilla #championsleague #ChampionsLeague #weekend #FCBSFC #üí™üèª #FCBayern #FCBRSCA #weekendvibes #FCBBMG #‚ùÑÔ∏è #skills #CatContent #‚öΩÔ∏è #FlashbackFriday #FCBRMA? # #1Ô∏è‚É£3Ô∏è‚É£ #James #MiaSanMia #audinines #matchday #LewanGOALski #BVBFCB #AllianzArena #üòä #FCBJuve #MiauSanMiau #MiaSanMeister #Starke #snow #MeowSanMeow #‚ùå #christofschenknnnn#MiaSanMia #champions #Catinho #ElGato #Jupp #üî¥‚ö™Ô∏è #Heynckes #UCL #FCBBMG?nnnn#PACKMAS #Wagner #üî• Kimmich FCBayernTVlive M√ºller M√ºnchen FCBD98 Vorfreude FCBLFC FCBayern UCLdraw FCBBMG FCBayernSelfie MiauSanMiau ClubWC FCBB04 christofschenk MiaSanMia Bundesliga S√ºle Wagnered da27 M√ºllered B04FCB MiaSanMeister RoadtoKyiv FCBRMA Wagner fr7 FCBS04 miasanmia FCBFCA FCBFCS Javi8 WeiterImmerWeiter Ausgleiched audinines PACKMAS FlashbackFriday FCBSVW Alaboom FCBayernTVNews FCBBVB FCBH96 FCBSFC RMAFCB FBCRMA StarkeDieKrake Lewy GoalBae Hecking Packmas Robbery UCL ucl Heynckes Kimmiched FCBWOB packmas Stadiongeruch FCBM05 FCBSCF AllianzArena Jupp Alabooom FCBASR FCBSGE Allianzarena Alaba ThankYou
Bologna FC,NaN,NaN,NaN,NaN,BfcOfficialPage,146055.0,82.0,1456.0,10798.0,https://www.bolognafc.it/,bfc1909_official,https://scontent-vie1-1.cdninstagram.com/vp/a8b0fe466ffba5ce1bb85cdbfb727b09/5B5DBE09/t51.2885-19/10474999_771330282931092_2034352840_a.jpg,1697.0,61863.0,95.0,http://www.bolognafc.it/,#pulgar #BFCVerona #bambini #stadiodallara #WeAreOne #BFCSenzaBarriere #bolognafc1909 #CrotoneBFC #bologna #scuolacalcio #dzemaili #MVP #BFCRoma #bfc1909 #compleanno#hb #bolognafc #DallAraStadiumTour #kisds #üî¥üîµ #kidsclub Gotti SampdoriaBFC DiFrancesco Valencia BFCRoma Donadoni PressClub Viareggio BFCAtalanta Palacio Santurro Primavera Bigon BrividoRossobl√π DaCosta Taxi BFCVerona Paramatti CrotoneBFC MVPMarzo Nagy Orsolini DeMaio LazioBFC Biavati CiaoFabrizio Torosidis BFCCagliari BFCCCagliari FabrizioFrizzi Bologna Verona BFCSenzaBarriere Mondonico stadio WeAreOne Verdi Keita GRESUI KidsClub
Bor. M√∂nchengladbach,NaN,NaN,NaN,NaN,borussia,486176.0,125.0,1520.0,20106.0,https://www.borussia.de/wir-sind-borussia-herzlich-willkommen.html,borussia,https://scontent-vie1-1.cdninstagram.com/vp/a6ebb6a53799838471f376b15edd2336/5B5CA38E/t51.2885-19/10467723_510751252386693_601733331_a.jpg,2616.0,226734.0,40.0,http://shop.borussia.de/,#Matchday #Bromance #Bundesliga #football #fohlenelf #Team #bundesliga #m√∂nchengladbach #Borussia-Buddy #weekend #Borussia #FCBBMG #countdown #hazard #smile #M√∂nchengladbach #matchday #Lieblingssong #Cuisance #happy #fun #History #Fohlenelf #fridayfeeling #sunshine #HappyBirthday #borussia #Focus #ThrowbackThursday #soccer #EinmalBorusseImmerBorusse #Soccer Fohlenelf wasbleibt Fohlenstories SantanderCup Fohlenpodcast BMGBSC sportstudio FCBBMG Fohlenstall B√ºrofu√üballer TOTW U23 Mayer catcontent M05BMG U19 Bundesliga Fohlenradio Berggreen U19ChampionsTrophy
Borussia Dortmund,NaN,NaN,NaN,NaN,BVB,3208851.0,937.0,7248.0,71784.0,https://www.bvb.de/,bvb09,https://scontent-vie1-1.cdninstagram.com/vp/e7bccc97c6b0fb161ac9c94abb678aeb/5B6F6BBD/t51.2885-19/s320x320/19122030_764244677101951_1066572844978143232_a.jpg,4147.0,5106264.0,93.0,http://bit.ly/2i1zpEV,#stuttgart #feiertagsmagazin #st√∂ger #bvbvfb #Bundesliga #dortmund #football #Derby #schalke04 #S04BVB #fans #revierderby #signalidunapark #pk #derby #training #echteliebe #tricks #bundesliga #dickel #‚öΩ #ausw√§rtsspiel #sebastianrode #autogramme #bvb #marcoreus #goals #feiertag #üíõ #homegame #borussini #soccer #vfbstuttgart #Batsman #DERBYTIME #autographs #‚öΩÔ∏è #BVB #keeper #mariog√∂tze #s04 #ü¶á #reha #s04bvb #veltinsarena #matchday #fun #BorussiaDortmund #win #heimspiel #fcschalke04 #romanb√ºrki #vfb #borussiadortmund #spieltag #Batshuayi #awaygame #schalke #pressekonferenz #gelsenkirchen Derby18 M√ºnster BVB Toprak AusGr√ºnden np Bundesliga Malaga Batsman Sonntagsschuss BVBU17 BVBU19 HappyBirthday workhard BVBVFB MondayMotivation s04bvb Derby Piszczek glaskugeltweet St√∂ger trainhard nonazisdo Wetter BVBII YNWA echteliebe teamwork Akanji UCL OnThisDay servicetweet bvb Fu√üball U17 trainingsfrei S04BVB BVBVfB bvbvfb Netradio BORUSSEUM Gelsenkirchen deckeldrauf Pulisic Revierderby
Burnley FC,NaN,NaN,NaN,NaN,BurnleyOfficial,331797.0,138.0,1236.0,62833.0,NaN,burnleyofficial,https://scontent-vie1-1.cdninstagram.com/vp/58f00ae61bc070f5dd87aa374821a216/5B53DCCC/t51.2885-19/s320x320/24125740_118422885605379_3738435363748708352_n.jpg,1353.0,143245.0,75.0,http://www.burnleyfootballclub.com/, BFCitC National LCFC utc PLawards PL BurLei GrandNational europeherewecome
CA Osasuna,NaN,NaN,NaN,NaN,CAOsasuna,214783.0,238.0,10867.0,53570.0,https://www.osasuna.es/,caosasuna,https://scontent-vie1-1.cdninstagram.com/vp/ab2d0c87bcc1741bacd6b986fbc345e1/5B6A9746/t51.2885-19/s320x320/28751662_2355295874496381_1722749191022706688_n.jpg,1906.0,33985.0,74.0,http://www.osasuna.es/,#Osasuna #OsasunaC√≥rdoba #LaLigaGenuine EskerrikAskoXabi Liga123 Osasuna LaLigaGenuine GolLaLiga123 OsasunaFemPauldarrak PromesasSportingB OsasunaFem OsasunaC√≥rdoba FuerzaLassad GranadaOsasuna Instagram OsasunaNuncaSeRinde RacingPromesas
CD Alav√©s,NaN,NaN,NaN,NaN,Alaves,185147.0,382.0,29968.0,51224.0,https://www.deportivoalaves.com/,deportivoalaves,https://scontent-vie1-1.cdninstagram.com/vp/9a24d9a3f0bfb9ef652ec42ac7f22c39/5B595BCB/t51.2885-19/s320x320/28429639_615293332141350_4569441733716213760_n.jpg,4168.0,50694.0,75.0,http://www.deportivoalaves.com/,#GoazenGlorioso #EibarAlav√©s #GoazenGloriosou202c #Ipurua #MATCHDAY #MiniGloriasu202c #MiniGlorias #D√≠aInternacionalDelPortero LIVE Alav√©s PlusTxartela GoazenGlorioso Mendizorrotza Alav√©sEibar Alav√©sGirona DACIFUTFEM Ipurua VFOPS4 LasPalmasAlav√©s ElHombreDelPartido DACI18 HombreDelPartido EibarAlav√©s Alav√©sGetafe FIFA18 MATCHDAY MiniGlorias LaLiga Alav√©sGloriosas
CD Legan√©s,NaN,NaN,NaN,NaN,CDLeganes,239453.0,941.0,1890.0,40252.0,https://www.deportivoleganes.com/,cdleganes,https://scontent-vie1-1.cdninstagram.com/vp/35f40fa3f1355f6a9f47b3b79cb35528/5B6B92A6/t51.2885-19/s320x320/22582612_196160874259935_7495723709781508096_n.jpg,1305.0,44070.0,48.0,http://www.deportivoleganes.com/,#Legan√©sCelta #PracticaDeporte #NoAbandonesLosEstudios #ElRitmoNoPara #LaPreviaPepinera #DanSol #PORRALEGA #Partidazo #VamosLega PORRALEGA Facilito ConTodaLaIlusi√≥n ElLegaVuelveAlCole Regla18 EstoEsButarque Jugador5EstrellasLEG IAGOestoPorTuBien LaPreviaPepinera BienvenidosAButarque Elephone Estamos Bar√ßaLegan√©s Legan√©sValencia Legan√©sCelta GraciasAfici√≥n PorraLega PuesEso WARRIOR HoyJuegaElLega D√≠aMundialAutismo VamosLega LaZonaMixta RevalidamosT√≠tulo
Cagliari Calcio,NaN,NaN,NaN,NaN,CagliariCalcio,341161.0,20.0,942.0,18061.0,https://www.cagliaricalcio.com/,cagliaricalcio,https://scontent-vie1-1.cdninstagram.com/vp/3555b1bec924c538c947809e402c3df2/5B64A8C4/t51.2885-19/s320x320/28763696_152159818806565_6798859897296388096_n.jpg,3299.0,128246.0,34.0,http://facebook.com/cagliaricalcio,#SardegnaArena #SerieATIM #forzaCasteddunnSegui/Follow #üî¥üîµnnSegui/Follow #SerieATIMnnSegui/Follow #forzaCasteddu #‚öΩÔ∏è #Cigarini #CagliariUdinesenüî¥üîµ #Ciga #LC8 #CagliariCalcionnSegui/Follow #CC1920 Sarritzu Barella Han Porru Dervishi Biancu Lykogiannis Cossu Asseminello Ladinetti Ceppitelli Tetteh Sau InterCagliari Canzi VAR CagliariCampione Kouadio Ceter Marongiu Camba forzaCasteddu Cigarini Daga SerieATIM Farias Doratiotto Lombardi GenoaCagliari Dessena VeronaCagliari Ciga Gagliano Deiola Padoin Cragno Mastromarino Porcheddu Ionita CagliariUdinese
Celta Vigo,NaN,NaN,NaN,NaN,RCCelta,384075.0,44.0,1006.0,26729.0,http://www.rccelta.es/index.php/es/,realclubcelta,https://scontent-vie1-1.cdninstagram.com/vp/6ead85ad918d73f06d6e45942be659b4/5B6D31E7/t51.2885-19/s320x320/28752485_1775699985825507_9199297276281880576_n.jpg,1959.0,115598.0,37.0,http://www.rccelta.es/,#sigamosso√±ando #elsargento #celtasevillafc #dontstopbelieving #aspasonfire #cabral200 #apolos3puntos #AspasOnFire #amadroa #legan√©scelta #tucutucu #afouteza #halacelta #laliga DiaInternacionalDelBeso HalaCelta Bala√≠dos Celta ACanteira TiempoExtraBinter forxandounso√±o vamosmisevilla HugoMallo Reconquista2018 AMadroa CeltaSevillaFC CoruxoCeltaB SevillaFC VillarrealCelta Lobotka GatodeCatoira TodosABarreiro Cabral200 halacelta Cabral amadroa afouteza Legan√©sCelta GatoDeCatoira Escoitamos OrgullososDosNosos PepeNachoIsJazz Rusia2018 TaoGanaGotTalent Nolito DiaMundialAutismo partidoapartido AspasOnFire Reconquista LaLigaSantander leganesCelta LaligaSantander SemanaSanta Rub√©nBlanco CeltaBar√ßa LosLunesAlGOL LaLigaGenuine ConfuciooNolito Pr√≠ncipeDasBateas CeltaIntegra CeltaMedia Sisto Radoja LaLiga Maz√°n Unzu√© FakeNews SangueCeleste Wass Iagol CeltaBPonferradina
Chelsea FC,NaN,NaN,NaN,NaN,ChelseaFC,11994530.0,265.0,14819.0,79973.0,http://www.chelseafc.com/,chelseafc,https://scontent-vie1-1.cdninstagram.com/vp/506aa2c949b7e72af0b4f4f1710175ba/5B6E2ED4/t51.2885-19/s150x150/23969435_131963557512763_3634251869603233792_n.jpg,4597.0,11305816.0,79.0,http://che.lc/GOTM0318,#CFC #Chelsea #PremierLeague LegendsReturn KTBFFH PL2 FridayFeeling CFC SOUCHE CFCDev believe CHEWHU ThrowbackThursday PL CFCU18 cfc CHESOU
Chievo Verona,NaN,NaN,NaN,NaN,ACChievoVerona,248507.0,186.0,131.0,19183.0,http://www.chievoverona.it/,acchievoverona,https://scontent-vie1-1.cdninstagram.com/vp/88d48973634fef147cb68b1af8cd4718/5B531662/t51.2885-19/s320x320/29087174_970489443113909_3310799295585714176_n.jpg,3040.0,37213.0,88.0,http://www.chievoverona.tv/,#calcio #avantitutta #maimollare #MatchDayn‚öΩÔ∏è #Bentegodinüíõüíô #MaiMollare #seriea #SerieA #ChievoSummerCamp #campestivi #CrederciSempre #MiRitorniInMente #TantiAuguriCapitanou200b #credercisempre #Marannüó£ #femminile #forzachievo #ChievoVerona #SeDiciChievo #ForzaChievon#AvantiTutta #ChievoTorino #sedicichievo #ForzaChievo #campionato #tuttiperunounopertutti #giallobl√π #chievoverona #Bentegodi #win #gol #ChievoTorinonüéô #FimautoValpolicella #fiorentinawomensfc #Pellissier #ragazzi #ChievoTorinonüèÜ #Chievo #ChievoTorino: #AvantiTutta Bani Maran DiBello Var MiRitorniInMente SanPaolo Vignato Cesar ChievoSassuolo FimautoValpolicella MondoChievo Sorrentino SeDiciChievo Giaccherini Meggiorini Napoli MediaDay ChievoSocialLive Pellissier Tomovic Veronello Gobbi BottagisioSportCenter Birsa Hetemaj Torino Bentegodi ScuolaCalcioDisabili NapoliChievo StellaFm BottagisioGirlsCup Cacciatore Rigoni SerieA Jaroszynski Tagliavento Sampdoria ChievoTorino seriea Stepinski SettoreGiovanile Castro ChievoVeronaGirlsCup ForzaChievo MatchDay famiglia Sassuolo ChievoNapoli Depaoli ChievoSamp Priore Primavera1Tim FelizCumpleanosPata Radovanovic ChievoSummerCamp giallobl√π ChievoGenoa Mondonico Manganiello Gamberini ForzaRagazzi Dainelli ChievoVerona Inglese
Crystal Palace,NaN,NaN,NaN,NaN,CPFC,705446.0,421.0,1044.0,67844.0,NaN,cpfc,https://scontent-vie1-1.cdninstagram.com/vp/186037a7ffd4ca6a5d86cfe8404671bd/5B54D990/t51.2885-19/s320x320/24253795_407039939715219_2350418606468104192_n.jpg,2672.0,242659.0,106.0,https://youtu.be/SQ3IT1wDZrw,#CPFC #CRYBHA CRYBHA FIFA18 TBT PL GodIsGreat CB17 MondayMotivation CPFCU23 COYP CPFC PalaceforLife CPFCBHFC BOUCRY CPFCFamily CRYBRI
Deportivo La Coru√±a,NaN,NaN,NaN,NaN,RCDeportivo,325708.0,15.0,163.0,32266.0,https://www.rcdeportivo.es/,rcdeportivo,https://scontent-vie1-1.cdninstagram.com/vp/04d2d94c3aa116105ef2c7d6503af43b/5B5CDFBF/t51.2885-19/s320x320/19624234_122206701718483_7424442766089781248_a.jpg,2439.0,80870.0,6.0,http://rcdeportivo.es/,#DaleD√â #AthleticD√©por: #DALED√â #OsNosos #AthleticD√©por #D√âPOR OsNosos D√©por Osnosos D√âPOR DaleNeno osnosos FARO Forza ANosaCanteira AbancaRiazor JugadorEstrellaGalicia D√©porSevillaFC FogardoBreog√°n AtletiD√©por ANOSAFORZA PORTO ForzaBreo ANOSACANTEIRA Coraz√≥nBranquiazul AthleticD√©por D√≠aMundialAutismo FuerzaLassad MAR ABANCARIAZOR D√©porCampus D√©porM√°laga anosacasa DEP LaLigaGenuine ANosaHistoria DALED√â asnosas SangueGalego AsNosas TorneoRealClubDeportivo DaleD√â ANosaForza
Dijon FCO,NaN,NaN,NaN,NaN,DFCO_Officiel,83132.0,670.0,6329.0,25346.0,http://www.dfco.fr/,dfco_officiel,https://scontent-vie1-1.cdninstagram.com/vp/9e19578b7d87b6173bbd4c19a7411ce5/5B532ACD/t51.2885-19/10832125_699074013523138_2132569671_a.jpg,2182.0,21638.0,298.0,http://www.dfco.fr/une/,#Ligue1Conforama #FCNDFCO #nantes #ligue1conforama #Nantes #TeamDFCO #DFCO #Kwon #Sliti Batiment DFCO Yamb√©r√© Transmission CoachXeka Tavares Sochaux FCNDFCO U19Nationaux esport TFC D2F Varrault Fo√© Brazeyenplaine Mari√© TribuneSports DFCOSTORE T√©f√©c√© Rencontre Sliti futsal JEU printemps U19 Maetz OL Xeka Toulouse U10 TeamDFCO DFCOOL U19Nat Amalfitano OM Partage U17Nationaux EuropaLeague U17 TFCDFCO Tacalfred Ranieri Ronaldo Annecy JourDeFoot D1 FIFA18 DFCOOM Japon DiviaMobilit√©s Kwon Diop Ligue1Conforama DFCOF√©minin Philippoteaux TOP10 National3 OMRBL Carrefour Lautoa
EA Guingamp,NaN,NaN,NaN,NaN,EAGuingamp,250824.0,944.0,5064.0,18648.0,https://www.eaguingamp.com/,eaguingamp,https://scontent-vie1-1.cdninstagram.com/vp/44571ef4b30302f95a30b78e6a00e22d/5B736BE6/t51.2885-19/s320x320/26872513_174621919703909_8529063635421495296_n.jpg,766.0,25931.0,85.0,,#N3 #eagfcm #ligue1conforama #MHSCEA #Celtico #MHSCEAG #asseeag EAGESTAC EAGFCGB EspaceClubs ASSEEAG SupportersConfo Gambardella LOSCEAG EAG CARTONVERT Akademi baptiste OMRBL teamOM R√©sultats
Eintracht Frankfurt,NaN,NaN,NaN,NaN,Eintracht,455280.0,163.0,1132.0,28602.0,https://www.eintracht.de/,eintrachtfrankfurt,https://scontent-vie1-1.cdninstagram.com/vp/9a5ba83f26e18acd02b719c3b1886d63/5B5DF8FD/t51.2885-19/s150x150/18645427_1488102107927762_5277817570383101952_a.jpg,4232.0,139897.0,47.0,http://sge.de/maerz-energieleistung,#wendsdaymood #ausw√§rts #Matchday #adlertr√§ger #inEINTRACHT #ucof #eintrachtfrankfurt #sgetsg #marcofabian #spieltag #eintracht #r√∂nnow #sge #b04sge #frankfurt #energieleistung #bundesliga Frauenpower SGE B04SGE M√ºnster EURO2024 inEINTRACHT Infotweet Russ SVWSGE ThrowbackThursday Hasebe UnitedColorsOfFrankfurt UCOF HappyBirthday vielfalt SGETSG SGEfact MatchDay Kovac OnThisDay SGEtsg b04sge U17 unitedcolorsoffrankfurt MondayMotivaton Eintracht EintrachtFrankfurt Bobic
Empoli FC,NaN,NaN,NaN,NaN,EmpoliCalcio,136146.0,167.0,540.0,14710.0,http://www.empolifc.com/,empoli_fc_official,https://scontent-vie1-1.cdninstagram.com/vp/a2712403302e7e410ad4bc498cd2d1ff/5B64A289/t51.2885-19/923707_1436049893343555_1483239307_a.jpg,4409.0,35479.0,204.0,http://www.empolifc.com/,#SerieB#EMPPRVnOggi #EMPPRV #35 #perlempolicombatterem #Instaazzurri #matchday #empolifc1920#efc#empolifcofficialn#instaefc #ScuoladelTifo #StadioCastellani #Instaempoli #Empoli #EMPPRVnEMPOLI CesenaEmpoli SPEMP RedBullBBest Coverciano EmpoliForCharity SerieB SpeziaEmpoli Southampton BLOVE eSportsAcademyTrophy DiCarmine Spezia ScuoladelTifo WeekendLeague Cuoredelvolley EMPSAL EMPPRV LaSpezia FOGEMP EmpPrv Empoli ForzaPRO ForzaFoggia EmpoliFootballChannel Mondonico ProVercelli allenatori AnticipiePosticipi GiudiceSportivo Donnarumma SPEEMP
Espanyol Barcelona,NaN,NaN,NaN,NaN,RCDEspanyol,355074.0,87.0,1693.0,35881.0,https://www.rcdespanyol.com/,rcdespanyol,https://scontent-vie1-1.cdninstagram.com/vp/80923870a1119116e1a53e75caf926e0/5B51BDC7/t51.2885-19/11311602_937814242932551_1547376162_a.jpg,2478.0,89295.0,73.0,https://shop.rcdespanyol.com/ca/1108-samarretes-%C3%ADdols,#RCDEIDOLS #Stelvio #Naldo #RCDE #5 #ValenciaEspanyol? #Auto88 #QSF #4C #Giulia #Mestalla #ValenciaEspanyol #training #AlfaRomeo GetafeEspanyol RCDE EspanyolValencia 4C Auto8 PuraCa√±a√±a eterncapit√† RCDEIDOLS DiaMundialAutisme EspanyolLasPalmas Auto88 ValenciaEspanyol LaRoca testdrive Connectatalblau Giulia Colombia TalD√≠aComoHoy EspanyolAlaves LaLigaGenuine EspanyolAlav√©s Stelvio AlfaRomeo
Everton FC,NaN,NaN,NaN,NaN,Everton,1556784.0,268.0,2062.0,82449.0,http://www.evertonfc.com/,everton,https://scontent-vie1-1.cdninstagram.com/vp/3a7eeb5691ff48c6b71c4460b00703b1/5B632381/t51.2885-19/s320x320/24177863_1234135640019367_7391455798053830656_n.jpg,3025.0,604998.0,73.0,http://evertonfc.com/,#footballflag #efc #coyb #bafana #jft96 #lfc #UFCLiverpool #merseysideunited #ufc #tosunpasa #merseysidederby #hillsborough #tifo #96 #ynwa #liverpool #efcawayday #toffees #cenktosun #COYB #EFC #mollymccann #southafrica #nevermoresure #meatballmolly #NeverMoreSure #howardkendall #mma #premierleague #swaeve #goodisonpark #merseyside #bafanabafana #pienaar #everton EFC EFCU23 Tosunpa≈üa PLMoment EFCawayday EFCmatchday UFCLiverpool RayWilkins COYB TheMMAHour EITC PLAwards CWG2018 EVELIV win TheBeastFromTheEast EFCU18 NSNO LFC churchoffootball OnThisDay EFChome Swans Toffees GrandNational NeverMoreSure PL2 CT14 competition MCFC PL U17EURO
FC Augsburg,NaN,NaN,NaN,NaN,FCAugsburg,193799.0,215.0,7283.0,22085.0,http://www.fcaugsburg.de/,fcaugsburg1907,https://scontent-vie1-1.cdninstagram.com/vp/b999cc64d7c7ca0deff054a7f97a91fe/5B53422E/t51.2885-19/s320x320/12230796_730108927119803_1722654887_a.jpg,3026.0,65155.0,47.0,http://www.fcaugsburg.de/,#fcafamily #fcaugsburg1907 #family #mondaymood #FCAFCB #Janker #Gouweleeuw #relax #FCA1907 #focus #Moravek #FCA-Familie #FCA #fca1907 #fcaugsburg #FCASelfie #WOBFCA #WOBFCA: #gl√ºckwunsch Baum WWKARENA Robben InfoTweet FCA Infotweet TGIM U23 Pressekonferenz Baier Gouweleeuw ThrowbackThursday Kasperle Bundesliga Reinhardt VBL Koo Max FridayThe13th Kev Kacar WOBFCA Janker Richter Caiuby MatchDay BSCFCA Heynckes wobfca U17 Bundesligaspiel FCAFCB comeback nurderFCA FIFA18 Gregoritsch Khedira recovery Moravek B04FCA DFB Jupp VirtuelleBundesliga afa Schmid Aprilscherz
FC Barcelona,NaN,NaN,NaN,NaN,FCBarcelona,28873350.0,72.0,1277.0,94725.0,https://www.fcbarcelona.com/,fcbarcelona,https://scontent-vie1-1.cdninstagram.com/vp/765e6bfee4abe4858ba74451dd341fd7/5B66CBD0/t51.2885-19/s320x320/20902831_477206115986842_7005605501073358848_a.jpg,10636.0,56020910.0,45.0,http://www.fcbarcelona.com/,#Bar√ßa #football #futbol #Bar√ßaValencianüíô‚ù§Ô∏è #Umtiti #orgullosodesercule #For√ßaBar√ßan‚Äîn#FCBarcelona #CampNounüí™ #Repost #LaLiga #campnou #igersbar√ßa #Bar√ßaValencian‚è∞ #igersfcb #photos #Coutinho #Bar√ßaFansnüôå #igersBar√ßa #fcbarcelona #Barcelona #suarez #Messi #Bar√ßaValencia #Bar√ßaValencianüîµüî¥ #liga #For√ßaBar√ßanüèü #bar√ßa #For√ßaBar√ßa #for√ßabar√ßa #Home #CampNou #igersFCB #soccer #HomeSweetHome For√ßaBar√ßa UltimateElClasico Bar√ßaValencia Bar√ßaMovistar Bar√ßaLeganes FCBQuiz LaLiga Bar√ßaLegan√©s Messi LaLigaHistory UCL Bar√ßaRoma Bar√ßaLegends RomaBar√ßa
FC Crotone,NaN,NaN,NaN,NaN,FcCrotoneOff,20356.0,13.0,39.0,8979.0,https://www.fccrotone.it/,fccrotoneoff,https://scontent-vie1-1.cdninstagram.com/vp/5dede0397b28a45cd4477ec5085cc378/5B6733FB/t51.2885-19/s320x320/15876557_365213167173446_5341339470971011072_a.jpg,1754.0,46089.0,45.0,http://www.fccrotone.it/,#GenoaCrotonenüìÖ #PremiumSport #GenoaCrotone #SerieATimnüèü #ForzaSquali #SerieATim #forzasquali #GenoaCrotone: ForzaSqualetti GenoaCrotone CrotoneSampdoria ciaodavide Under20 Under21 CrotoneRoma EzioScida CrotoneJuventus ForzaAhmad ForzaSqualette FIGC120 CrotoneSamp ForzaSquali FiorentinaCrotone VivoAzzurro CrotoneBologna TorinoCrotone SerieA
FC Ingolstadt 04,NaN,NaN,NaN,NaN,Schanzer,76162.0,397.0,9390.0,20214.0,https://www.fcingolstadt.de/home/,dieschanzer,https://scontent-vie1-1.cdninstagram.com/vp/1e92089a2c99d335dc9aeac1548e6157/5B66B778/t51.2885-19/20067181_246589162512501_3847787421538189312_a.jpg,2177.0,28165.0,118.0,http://www.fci.de/,#workhard #SchanzerHeimat #MATCHDAY #Schanzer #training #gemeinsam #noch5 #throwbackthursday #tbt #Mijatovic #AudiSportpark #Heimspiel #FCIDSC #FCIFCN #Jubil√§um #SCHANZER #FCI #Heimat #Jeder1Teil #Wahl #Cohen #UnsereSchanz #Animal #Leitl #statisticmondaynUnser UnsereSchanz Vier Highlights Schanzer Tr√§sch Leipertz Kutschke Ananou Pressekonferenz Sabbagh Hasenh√ºttl FCI Christiansen WAHL U13 Ehrenmann ANPFIFF Jeder1Teil FCIFCN BlickpunktSport Kurz Saibene fcipk HALBZEIT Schmidt Voith Schnatterer Training Ingolstadt Leitl Jungschanzer Pledl ENDSTAND Buntic Thalhammer gemeinsam infotweet Reisl√∂hner DSCFCI YouMadeItHappen Hartmann Seligenporten Knaller U21 FCIDSC Mijatovic throwbackthursday Breitfeld Solheimcup2018 Neumann Schr√∂ck wasistdasnurf√ºr1Liga2 Matchday FCUnterf√∂hring MATCHDAY FCIFCBWM TVTipp AudiSportpark Suljic FCHFCI Wahl Alt Gaus Arena Matip RadioGalaxy Levels bereit
FC Lorient,NaN,NaN,NaN,NaN,FCLorient,259944.0,362.0,1518.0,23847.0,https://fclweb.fr/,fclorient,https://scontent-vie1-1.cdninstagram.com/vp/a1f73c8e9d2072fd87170cc250b826d6/5B75C745/t51.2885-19/11917737_1610559712528030_1499581598_a.jpg,2133.0,39740.0,91.0,http://fclweb.fr/,#MU95 #AllezLesMerlus FCLUSO AlerteSpectateurInatenttif labattledaucy LaBattleDaucy JourDeMatch Ligue2 KAPPA4FCL TeamFCL SM20 LaBattledaucy ObjectifL1 telefoot Lorient GameDay PoseTonMoreira PoseTonWissa FCL FCLPFC TFCFCL AllezLesMerlus TOURSFCL ToursFCL Battledaucy Passezalouest MU95 SocialZone KeepGoing
FC Metz,NaN,NaN,NaN,NaN,FCMetz,142332.0,414.0,1682.0,23427.0,http://www.fcmetz.com/,fcmetz,https://scontent-vie1-1.cdninstagram.com/vp/022adbb8d7b581d8784161f94e18ffd0/5B5F5605/t51.2885-19/13402272_1144358898918129_349863652_a.jpg,623.0,32668.0,169.0,http://www.fcmetz.com/,#Ligue1Conforama #Victoire #17 #PourLesPasDeLucas #G√©n√©rationGrenat #Sun #picoftheday #instagood #Horda #tbt #instalife #Hommage #Hantz #topplayer #FormationMessine #Grenat #Metz #FCMOL #Roux #Sakho #Training #instamoment #JourDeMatch #Dossevi #throwback #FCMetz #NeRienL√¢cher #SRFCFCM #Focus #Mollet Bahoken Goncalves SRFCFCM JourDeMatch BatsToiChampion Martin Hantz Dragonnes Martinez Memories FCMetz Roux Cohade CanapConfo ProgrammationTV RCSAFCM Poblete Rivierez National3 Messins Niane Diagne GrenatDuMois GenerationFoot Blayac Grenats AllezLesGrenats Discipline Pokeyland Rivi√®re Kawashima ObjectifD1 JourDeFoot Ndour Riviere Selimovic Lienard ISSYFCM FCMOL
FC Nantes,NaN,NaN,NaN,NaN,FCNantes,493237.0,89.0,1210.0,22067.0,https://www.fcnantes.com/,fcnantes,https://scontent-vie1-1.cdninstagram.com/vp/93a75e492722a328a83ef6c179bfe164/5B662F71/t51.2885-19/s320x320/14359485_1564715720503206_293203840_a.jpg,2809.0,85579.0,50.0,https://www.fcnantes.com/articles/article2809.php?num=23023,#fcndfco #AllezFCNantesnüëÄüëá #AllezFCNantes 75ans 75ansFCN FCNSRFC FCNFCO FanZone FIFA18 concertation pronosFCN replayFCN EscortKid travelFCN FCNDFCO JeuConcours CoachCanari YelloPark ASMFCN FM18
FC Schalke 04,NaN,NaN,NaN,NaN,s04,723797.0,47.0,7096.0,45122.0,https://schalke04.de/,s04,https://scontent-vie1-1.cdninstagram.com/vp/da83e926c682d6ec2b52965c5ed79fe3/5B7107DC/t51.2885-19/11820676_869494906470964_1044824511_a.jpg,6669.0,455465.0,41.0,http://www.schalke04.de/,#ComeBackStronger #Dortmund #Derby #Kono #S04BVB #Countdown #Burgstaller #DerbyTime #Schalke04 #Derbytime #WirLebenDich #Raul #S04BVBnnn#Schalke #Revierderby #Hannover #Dortmundnnüîµ‚ö™Ô∏èüîµ‚ö™Ô∏èüîµ‚ö™Ô∏èüîµ‚ö™Ô∏èüîµ‚ö™Ô∏è #Meyer #Schalke #OnThisDay #GetWellSoon #DERBY #S04 #San√© #ThrowbackThursday #Naldo #Nastasic s04 Wiemann InfoTweet Waldschmidt Holtby Teuchert GetWellSoon schmiede Schalke U23 Halbfinale Mercan Zahn Bundesliga Sane Yildiz Papadopoulos S04 Wolfsburg Arp Kn√§bel Burgstaller HSV U13 S04SCF Spieltach Fr√ºhling HappyBirthday Gl√ºckAuf MondayMotivation SCHALKE HSVS04 Goretzka Derby U19 Miftari San√© St√∂ger Embolo L√§ndermasters AUSW√ÑRTSSIEG Volksparkstadion Kutucu Steinmann Titz OnThisDay Nastasic Edu Tedesco Heiserholt U17 Vermant Kostic S04BVB Jatta TagDerGeschwister Matchday Kr√ºger Ekdal MATCHDAY Oczipka Caligiuri Naldo F√§hrmann RWO FDS9 Siegen S04fanpics Revierderby Heck Heidel
Genoa CFC,NaN,NaN,NaN,NaN,GenoaCFC,300384.0,50.0,31.0,26290.0,NaN,genoacfcofficial,https://scontent-vie1-1.cdninstagram.com/vp/9ba342f34f27cfc4de5a390bfa62b2d7/5B6EFE40/t51.2885-19/s320x320/19955294_147642495790081_2003214193288806400_a.jpg,1242.0,99299.0,27.0,http://www.genoacfc.it/,#Sarzana #Gervasi #ForzaGenoa #GenoaChannel #Sar√≤SempreConTe‚ù§Ô∏èüíô #GenoaCrotone #Genova #FieraPrimavera #CentroLuna #Migliore #GenoaValuesCup #Salcedo #SampdoriaGenoa #derby #Arenzano GenoaCrotone VillaRostan Rosi Preziosi Gervasi Bertolacci GenoaChannel GenoaValuesCup Izzo GenoaEsports SampdoriaGenoa Scarpi Genoa Under15 Galabinov Genova Lazovic Chiappino Migliore Zukanovic PiazzaGenoa Medeiros Rossi Derby ForzaGenoa Ferraris Massa derby Pruzzo settoregiovanile Maresca Crotone Irrati ElYamiq GenoaCagliari Taarabt Ballardini FieraPrimavera DavisCup CoppaDavis GenoaStore SerieATim Cofie Perin Veloso Sarzana Spolli Pandev Pistoia scudetto Laxalt Sardi Caccia Bessa Genoa125
Girondins Bordeaux,NaN,NaN,NaN,NaN,girondins,338557.0,1307.0,2942.0,58050.0,http://www.girondins.com/fr,girondins,https://scontent-vie1-1.cdninstagram.com/vp/cdc09c68db928d3f65b2dbdcb43cd2c3/5B4F18B4/t51.2885-19/s320x320/16229379_1837003366571122_985866483886194688_a.jpg,1508.0,59934.0,171.0,http://www.girondins.com/,#AlwaysGirondins #ligue1 #montpellier #football #franckjurietti #FCGBLOSC #alwaysgirondins #tatoo #girondins #soccer #instapic #bordeaux #happy #fcgb #zinedinezidane #girondinsdebordeaux #goal #fcgblosc #match CONCOURS RideOrDie ToujoursEnCourse N3 Bordeaux Vairelles Bonnissel girondins vendredi13 BPFC Girondins LaTribuneGold Formation Shkal Orange FCGBLOSC SocialRoomFCGB Sabaly MHSCFCGB Costil Instagram ObjectifN2 cheyrou GirondinsTV socialroomFCGB TheQuietForce EAGFCGB Thomas Poyet Tarrieu HB FCGBPSG
Granada CF,NaN,NaN,NaN,NaN,GranadaCdeF,335485.0,80.0,2731.0,30777.0,https://www.granadacf.es/,granadacf,https://scontent-vie1-1.cdninstagram.com/vp/893a9cdeebc1cffefc4b45e8455fab91/5B71763A/t51.2885-19/s320x320/23099048_171289426785563_8862532227792109568_n.jpg,3558.0,44303.0,44.0,http://www.granadacf.es/,#SevillaAtleticoGranada #EternaLuchau202c #NocheEnBlancoGR18 #SevillaAtleticoGranadan#Contigo12n#EternaLuchan#Laliga123n#futbol #EternaLucha #diainternacionaldelbesoüíãn#internationalkissingday #GranadaCF #Contigo12 #JuntosVolveremos #Contigo12u202c #87aniversarioGCF #Repost #LaLiga123 #VamosMiGranada #SevillaAtleticoGranadan#Contigo12n#EternaLucha Juntosenlalucha LorcaGranada SevillaAtleticoGranada Lorca GranadaCF GranadaOsasuna GolLaLiga123 EternaLucha NocheEnBlancoGR18 DiaInternacionaldelBeso GCFAlev√≠nA LosCarmenesRojiblancos GranadaNumancia Contigo12 GCFJuvenilA CanteraNazari SevillaAtl√©ticoGranada GranadaB JuntosEnLaLucha VamosMiGranada JuntosVolveremos HuescaGranada 87aniversarioGCF
Hamburger SV,NaN,NaN,NaN,NaN,HSV,722930.0,194.0,535.0,25487.0,https://www.hsv.de/uebersicht/,hsv,https://scontent-vie1-1.cdninstagram.com/vp/3af7937a281ee39741fd81e7f33e52a2/5B503442/t51.2885-19/11351838_1484777245169162_1864601740_a.jpg,3728.0,182494.0,64.0,http://www.hsv.de/,#duell #moinVBL #hsvtsg #allegemeinsam #volkspark #support #startelf #training #focus #goal #bundesliga #freisto√ü #ausw√§rtsspiel #tsghsv #welcome #allesgeben #work #birthday #siegtor #aboutsaturday #geburtstag #thoelke #nurderHSV #√ºbung #mondaymotivation #allesgute #zweikampf #schnoor #100percent #dranglauben #nextstep #HSVxVBL #hsvs04 #vorbereitung #matchday #tomorrow #verpflichtung #tor #TSGHSV #herzlichwillkommen #zielimblick #hsv #niemalsaufgeben #spieltag #weiterk√§mpfen #Kopfhoch #neuzugang #team InfoTweet elfdestages work training Hamburg HSVPanthers TSGHSV HSV weiterk√§mpfen nurderHSV Pringles Allegemeinsam Training HSVS04 Kinderbuchtag focus infotweet VFBHSV matchday VfBHSV HSVnetradio vfbhsv allegemeinsam warmup Allesgeben fr√ºhling Volksparkstadion
Hertha BSC,NaN,NaN,NaN,NaN,HerthaBSC,343476.0,366.0,8919.0,34578.0,http://www.herthabsc.de/splashscreen/index.html,herthabsc,https://scontent-vie1-1.cdninstagram.com/vp/b239d047a2dbd5f06d46a30a51a24f1c/5B74EE3A/t51.2885-19/s320x320/20226013_1807254319605333_4528179755270275072_a.jpg,5023.0,99669.0,96.0,http://herthabsc.de/,#hahohe #herthamoments #Herthaner #hertha #Berlin #berlin #herthabsc #BSCKOE #Ostkurve? #bundesliga TEDi Petry Kraft BMGBSC lfcvcity Badboys Ibisevic LIVMCI BSCAUB ThrowbackThursday Covic Stark Bundesliga Esswein Jarstein Berlinhalf esports BSCFCE HappyBirthday IngoHoppe Heimspiel MondayMotivation hahohe RomaBar√ßa Leckie BadBoys Smarsch Friede BSCKOE Darida Jarsteins Daridas Mittelst√§dt H96BSC Scoutings Zecke akademie Lazaro BLRookie FCAFCB S9 Maier Duda S3 b√ºrofloskeln Scouting betriebstemperatur Matchday Schwiegersohn eSport Lustenberger Champions
Hull City,NaN,NaN,NaN,NaN,HullCity,408382.0,224.0,0.0,62685.0,https://www.hullcitytigers.com/,hullcity,https://scontent-vie1-1.cdninstagram.com/vp/5b0f7a9387d29bc5ef17953fe8bdf209/5B673440/t51.2885-19/s320x320/23969382_402837736814960_69988927334776832_n.jpg,2898.0,108061.0,65.0,https://www.hullcitytigers.com/,#HULSHW #UpTheTigers #hcafc #GoalOfTheDay #TigersTV #KCOMStadium15 #FlashbackFriday TigersTV PLKicks Tigers LuckyCharm hcafc UpTheTigers GoalOfTheDay HULSHW KCOMStadium15 BURHUL PDL swfcLIVE TheTiger SportPesaPOTM FlashbackFriday KnowTheScore
Inter,NaN,NaN,NaN,NaN,Inter,1590334.0,61.0,723.0,70666.0,https://www.inter.it/en/hp,inter,https://scontent-vie1-1.cdninstagram.com/vp/c2b2fa2e1373f47441b000203c9afe74/5B53BA39/t51.2885-19/s320x320/28751481_328905480846752_3311362391568023552_n.jpg,4744.0,1821344.0,45.0,https://www.inter.it/en/Inter-Official-App,#Fashion #Ronaldo #Smile #Friendship #InterIsComing #training #SerieA #InterSummerTour #Lifestyle #BrooksBrothersMilano #InterForever #ForzaInter #Italy #IP44 #Workout #Football #Milan #AtalantaInternüèÜ #BrooksBrothers200 #Roma #Perisic #Training #Inter #RomaInter #Nike #AtalantaInter AtalantaInter InterForever Brozovic InterGenoa MilanInter Candreva FlashBackFriday Skriniar EstaEsMiCasa BrothersOfTheWorld Primavera1TIM DerbyMilano SanSiro InterCagliari InterIsComing InterYouth InterVerona PERISICTOICARDI Perisic Spalletti Cancelo Moriero ViareggioCup ICC2018 InterClub TBT Inter110 Santon PesceDAprile UCL forzaInter OnThisDay BuonaPasqua Icardi100 TorinoInter Mondonico BrooksBrothers200 InterFans DriveInter amala Karamoh FCIM ForzaInter InterRoma FORZAINTER InterSocialNight Handanovic
Juventus,NaN,NaN,NaN,NaN,juventusfcen,941672.0,55.0,750.0,47530.0,http://www.juventus.com/en/,juventus,https://scontent-vie1-1.cdninstagram.com/vp/178ed5b63058c1ef4e2392fe66463e8b/5B63A2FD/t51.2885-19/s320x320/19534836_310885729381460_2074146054923616256_a.jpg,6003.0,9335192.0,39.0,https://www.facebook.com/Juventus,#JuveSamp #FBF #TOGETHER #GoalOfTheDay #FinoAllaFine #RMJuve #milanodesignweek #UCL #ForzaJuve Ravanelli GoalOfTheDay AlwaysPositive JuveBrescia BeneventoJuve JuventusPass RMJuve JuveNapoli JuventusMember RealMadrid JuventusTrainingCamps OfficialFanClubDay PlayerJourney EuroWatch JVillage JHotel NumeroUno Zanetti JTrivia GoalOfTheMonth JuventusWomen JuveSamp ForzaJuve FlyToMadrid OfficialFanClub MilanDesignWeek UCL OnThisDay JuventusLegend FORZAJUVE FINOALLAFINE SK6 JUVEMATCHDAY JuventusAcademy FinoAllaFine TOGETHER APorLa13
Lazio Roma,NaN,NaN,NaN,NaN,OfficialSSLazio,528398.0,54.0,248.0,32184.0,http://www.sslazio.it/it/,official_sslazio,https://scontent-vie1-1.cdninstagram.com/vp/69d8a914c31a0c3b941e37a7466515c5/5B50A7BA/t51.2885-19/s320x320/11950644_479764528864457_1232493908_a.jpg,3683.0,258288.0,31.0,http://www.sslazio.it/,#CMonEagles #LaPrimaSquadraDellaCapitale #SSLazio #HappyBDay #SalzburgLazionnLast #LazioRomann#CMonEagles #SalzburgLazio ForzaLazio UEL LSC avanticosi CMonEagles UdineseLazio Farris StartingXI LuizFelipe Radu MondayMotivation TrainingSession LazioRoma LaPrimaSquadraDellaCapitale AvantiLazio Jordao Marusic onthisday SalzburgLazio DiGennaro SerieATIM Fersini MatchDay Milinkovic LazioBenevento Strakosha LazioSalzburg LSR HappyBDay TS1 Inzaghi Squadra Parolo Lulic SSLazio Caceres
Leicester City,NaN,NaN,NaN,NaN,LCFC,1150178.0,72.0,1048.0,44589.0,https://www.lcfc.com/,lcfc,https://scontent-vie1-1.cdninstagram.com/vp/43e93833f63abeb743bf150df1db652e/5B5783EF/t51.2885-19/s320x320/24253820_220366528503470_3253667881132490752_n.jpg,4238.0,1944479.0,30.0,http://leic.it/2AOVcnt,#lcfc #PL2 #FridayFeeling #lcfc‚Äôs #BurLei PL2 FridayFeeling TweetMyGoal LeiSou TBT PLPrimaryStars LeiNew lcfc lcfcu23s PLCup OnThisDay BurLei
Lille OSC,NaN,NaN,NaN,NaN,losclive,650082.0,712.0,1926.0,39289.0,http://www.losc.fr/,losclive,https://scontent-vie1-1.cdninstagram.com/vp/114496f25f96fd65eca8eb6c5b76caba/5B4E92B2/t51.2885-19/s320x320/30084400_621135274901180_1377340147187580928_n.jpg,1294.0,87102.0,172.0,http://www.losc.fr/,#WorkWithSmile #losceag #Guingampn#training #EnRougePourLeMaintien #Training #LOSCEAG #FCGBLOSC #LOSCASC JoyeuxAnniversaire National2 Lillois Enyeama ligue1 Soumar√© lille FUTChampionsCup Rozehnal LOSCInTheCity LOSCMHSC ACALOSC Ponce Galtier P√©p√© Formation Amadou U19 Alonso LeSaviezVous FCGBLOSC LOSCFCM OMLOSC Araujo EnRougePourLeMaintien LOSCASC LOSCEAG MatchDay Dabila Mendes ReservoirDogues LOSC
Liverpool FC,NaN,NaN,NaN,NaN,LFC,10124562.0,384249.0,5538.0,70800.0,http://www.liverpoolfc.com/,liverpoolfc,https://scontent-vie1-1.cdninstagram.com/vp/c7fcc939ef3d21b054c92b55247cddc9/5B597B27/t51.2885-19/s320x320/29740363_519054611821891_4082499704863064064_n.jpg,6689.0,6199638.0,94.0,http://lfc.tv/A424,#lfc #LFC #Matchday #anfield #LIVBOU #ChampionsLeague #pl #livbou #Liverpool #premierleague #PremierLeague #liverpool #liverpoolfc #UCL #LiverpoolFC #Salah PFAawards LFC LIVBOU YNWA weareliverpool UCLdraw WEARELIVERPOOL Bournemouth OnThisDay Anfield UCL MCILIV LK1 AFCB NBFootball MCFC ICC2018 AllezAllezAllez
Manchester City,NaN,NaN,NaN,NaN,ManCity,6174565.0,54525.0,8150.0,110817.0,https://www.mancity.com/,mancity,https://scontent-vie1-1.cdninstagram.com/vp/da7f1af88de4e49316ca5a2d8bcd5426/5B50F105/t51.2885-19/s320x320/23967107_1781046015534035_6402181403647148032_n.jpg,6292.0,6589961.0,116.0,https://www.mancity.com/,#wearecity #mancity #SharkTeam #onthisday #spursvcity FridayFeeling cityvlfc SharkTeam COYS mancity inSan√© TOTMCI THFC cityvlifc spursvcity cityview AL14 HereToCreate mcfc HappyBirthday MondayMotivation PEP onthisday ManCity UCL MCILIV Nemeziz LS19 cmoncity
Manchester United,NaN,NaN,NaN,NaN,ManUtd,18104551.0,104.0,1213.0,45255.0,http://www.manutd.com/?utm_source=Twitter&utm_medium=BioButtonLink&utm_campaign=ManUtd&utm_content=General,manchesterunited,https://scontent-vie1-1.cdninstagram.com/vp/d5be8d97246ead3fd7fda3af5ce419ec/5B6CC7BF/t51.2885-19/s320x320/26869289_1755158991182652_2640219630685126656_n.jpg,7874.0,21462159.0,70.0,http://bit.ly/ARAEIGbio,#AllRedAllEqual: #MUFC #DaveSaves #PFAawardsn‚Ä¢nPlayer UEL TheMasters MUFC MCIMUN DaveSaves UnitedandMe SoccerAid ManchesterIsRed equalgame mufc FlashbackFriday MUquiz RedArmy MUTV StayUnited MUFCYouTube redderby PFAawards PL2 UnitedByHCL heretocreate InsideUnited MUTOUR
Middlesbrough FC,NaN,NaN,NaN,NaN,Boro,280668.0,197.0,387.0,45616.0,NaN,theboroofficial,https://scontent-vie1-1.cdninstagram.com/vp/75f19cf081b8ba9b56b83211bf584b8c/5B68C261/t51.2885-19/s320x320/19622839_242067776290112_4099073584226369536_a.jpg,2021.0,68026.0,68.0,http://www.mfc.co.uk/,#KickItOut #thefabricof86 #Boro #Onthisday #EqualityInspires #UTB #OnThisDay UTB TheFabricOf86 boro Boro SUFC OnThisDay BORO GrandNational EFL
Montpellier HSC,NaN,NaN,NaN,NaN,MontpellierHSC,320268.0,318.0,1175.0,33625.0,http://www.mhscfoot.com/,mhscofficiel,https://scontent-vie1-1.cdninstagram.com/vp/add190ca4c125a3bc89a09ec7ae3986e/5B529265/t51.2885-19/s320x320/26065674_388159858284239_6060196827431436288_n.jpg,4469.0,47640.0,106.0,http://www.mhscfoot.com/,#MHSCFCGBnEt #FCGB #FCGBMHSC #MHSC #MHSCFCGB #OMMHSC #ASSE SMCMHSC45 EORB ASSE SupportersMHSC PartoucheBarre FCGB Hilton oneteam Congr√© R√©sultat OGCNMHSC F√©mininesMHSC CoachMHSC MHSCPSG D1F MHSC BRESTMHSC U19 MHSCOM TeamMHSC ResultatMHSC MHSCFCGB OMMHSC SMCMHSC lapaillade Aguilar INSIDE Pailladin Skhiri National3
M√°laga CF,NaN,NaN,NaN,NaN,MalagaCF,639675.0,117.0,2302.0,40509.0,https://www.malagacf.com/,malagacf,https://scontent-vie1-1.cdninstagram.com/vp/d8613d46798bed117ea1b53de9c70f89/5B5629B9/t51.2885-19/s320x320/20635357_123234341636410_4386892850403475456_a.jpg,1143.0,81105.0,47.0,http://www.malagacf.com/,#D√©porM√°laga #MalacitanoFerroviaria‚öΩÔ∏è #John #LaRosaleda #RuedaDePrensa #Liga #Skater #JuvenilDH #Divisi√≥nDeHonor #D√©porM√°laga‚öΩ #Juvenil #Fundaci√≥nMCF #Lauridsen #Campe√≥n #11MCF #LaAcademiaMCF #Leyenda #MuseoMCF #IceSkater #Dinamarca #Visita #RevolutionOnIce Porteros BanquilloMCF RCDeportivo MCFFLive DeporM√°laga 11DEP Bienvenido JuvenilDH IscarCup2018 Goalkeepers VamosM√°laga datos LaAcademiaMCF Resultados MCFF 11MCFF ZonaMixta f√∫tbol MalagaVillarreal Im√°genes CopaDeCampeones Malague√±oHu√©torT√°jar Rol√≥n ACADEMIA M√°lagaVillarreal TiendasMCF finde Instant√°neas BanquilloDEP Rinc√≥nMalague√±o M√°lagaRealMadrid RealBetisM√°laga C√°rtama ATMalague√±o 11MCF GraciasAfici√≥n 11VLL M√°lagaRealSociedad VamosFede Lista LaRosaleda VamosMalague√±o Aqu√≠NoSeRindeNadie Torneazo Entrenamiento martes AgendaMCF JuntosaGanar BuenRollo LaLigaHistory MCFTV BanquilloVLL TheMBC VillarrealCF M√°lagaD√©por ExtremaduraM√°laga MCFLive Declaraciones Lestienne Leyendas CalentandoMotores Hu√©torT√°jar AzulyBlancoMoreno RuedaDePrensa LaLiga Fundaci√≥nMCF CiudadDeM√°laga previsi√≥n cantera Felicidades FamiliaMalaguista UsesElHusoQueUses Extremadura CampusMCF Somos12 Work M√°laga CumpleJuankar igualdad TalD√≠aComoHoy Fotos D√©porM√°laga McfVP SemanaSanta MalaguistaDelPartido 11ATMalague√±o Benjam√≠nMCF Riazor Alameda M√°lagaCF ValoresBlanquiazules TiendaMCF BenitoVillamar√≠n
OGC Nice,NaN,NaN,NaN,NaN,ogcnice,393821.0,275.0,840.0,28652.0,http://www.ogcnice.com/fr/,ogcnice,https://scontent-vie1-1.cdninstagram.com/vp/88c84f7d3c7c3ec5bf13492f4ebb48f6/5B52DF2B/t51.2885-19/s320x320/19984222_485209831829544_1361300849518706688_a.jpg,3221.0,130758.0,100.0,http://ogcn.fr/ZapGym135,#IssaNissau202c #national2 formation TropheesUNFP OGCNMHSC SCOOGCN OGCNSCO Supporters Evenement Ganago LesAiglonsDefientLesPichouns Favre Marcel ZapGym WalterBenitez EspaceClubs LaJoieDuButeur Club Dedicaces Pegomas ESTACOGCN PartoutEtToujoursL√† Sacko OGCNSRFC IssaNissa
Olympique Lyon,NaN,NaN,NaN,NaN,OL,1532204.0,1184.0,3130.0,44561.0,https://www.olweb.fr/fr/prehome-327.html,ol,https://scontent-vie1-1.cdninstagram.com/vp/2a227c8a88cca3aeb483b41da50d84be/5B5E9D32/t51.2885-19/s320x320/21107997_249500392237486_4334088868904042496_a.jpg,2577.0,544747.0,191.0,http://olweb.fr/,#Victoire #capitaine #joie #FIFA18 #teamOLnüëª #OLASC #training #TeamOL #lyon #FUT #coupedefrance #butnüì∏ #ChampionsLeague #OLASCnüì∏ #Mariano #arras #gameday #Traor√© #3eme #teamol #ndombele #FCMOL #win #groupamastadiumnüì∏ #TOTW #victoire #GroupamaStadium #3-0 #sourire #ucl #place CFC OMOL Academy National2 OLTFC CCOL FUT Ligue1 U19 OLASCEntra√Ænement Distinction Selections idolo OLFCM DFCOOL TeamOL OLR√©tro FRACAN OLASC U17 teamOL CanalSportClub FIFA18 u18 AllezOL Programmation TOTW ol AcademyOL OMRBL u19 FCMOL
Olympique Marseille,NaN,NaN,NaN,NaN,OM_Officiel,2951087.0,119.0,112.0,78273.0,https://www.om.net/,olympiquedemarseille,https://scontent-vie1-1.cdninstagram.com/vp/dc9195ee152eced16ebc404adb95cf8c/5B75C73F/t51.2885-19/s320x320/19122223_110811869529075_2593920364270583808_a.jpg,2084.0,618696.0,26.0,https://www.om.net/,#ForzaOM #celebration #passion #teamom #NousSommeslOlympiquedeMarseille #OM #lendemaindevictoire #ESTACOM #TeamOM #OMRBL #Mitroglou #Sarr Day3 Yamb√©r√© JeudiPhoto CrazyVel Day4 ChallengeTeqball OTD ForzaOM TeamOM CrazyTrip Reynet Bruma FCSOM CrazyThing OMATH CrazyBro HappyFan Lecomte Rami ESTACOM Sertic OMLOSC OMFCS CrazyFriends Day2 Augustin OMMHSC EuropaLeague DieRotenBullen LevelUP Tea DFCOOM ExpeditionEuropa RBLOM Kwon Day5 OMRBL Day1
Paris Saint-Germain,NaN,NaN,NaN,NaN,PSG_inside,6347077.0,104.0,126.0,48098.0,https://www.psg.fr/,psg,https://scontent-vie1-1.cdninstagram.com/vp/3efab3a2384a3b16e38562a9e8d787ee/5B56EF0C/t51.2885-19/s320x320/18878914_230158997486952_7078420478234198016_a.jpg,4708.0,12184790.0,70.0,https://www.psg.fr/,#PresnelKimpembennüì∑ #GiovaniLoCelsonnüì∑ #EdinsonCavaninnüì∑ #ICICESTPARIS #AdrienRabiot #PSGtraining #AllezParis #LayvinKurzawanüá´üá∑ #AdrienRabiotnnüì∑ #PSG #NIVEAMEN #Football #MarcoVerratti #NoCommentnn#PSG #LayvinKurzawa #Paris #GiovaniLoCelso #ThomasMeuniernnüì∑ #HappyBirthday #KylianMbapp√© #AlphonseAreolannüì∑ PSGbirth PSGAcademyCup TropheesUNFP PSGeSports ParisMarathon AskLoCelso NoComment ICICESTPARIS NIVEAMEN Titiparisien Classico PSGASM KimpembeCam T√îTOUTARD PSGlive AllezParis titiparisien Ligue1 ICC2018 AcademyCup FutMesaPMU AskTrapp YB1Ô∏è‚É£7Ô∏è‚É£ PSGacademyCup PSG MarquinhosM5 FinalCDL ASSEPSG M5 U18 FinaleCDL FCGBPSG
Pescara Calcio,NaN,NaN,NaN,NaN,PescaraCalcio,51594.0,106.0,15.0,10608.0,https://www.pescaracalcio.com/,pescaracalcio1936,https://scontent-vie1-1.cdninstagram.com/vp/aba8d699c521d2804abbda7fc2b7e2a4/5B67CD66/t51.2885-19/s320x320/16789109_159545414553579_518381116445425664_a.jpg,1111.0,30905.0,88.0,http://www.pescaracalcio.com/,#PescaraPalermo #DelfinetteBiancAzzurre #Delfinette #PALPES #under16 #Under12 #PalermoPescara UNDER16 PescaraPalermo DelfinetteBiancAzzurre PescaraBari BiancAzzurro AccademiaDelPortiere Pillon Under12 PalermoPescara PescaraBacigalupo ProVercelliPescara BiancAzzurri UNDER17 PESBAR PALPES TernanaUnicusanoPescara PROPES
RB Leipzig,NaN,NaN,NaN,NaN,DieRotenBullen,159569.0,88.0,4996.0,46711.0,https://www.dierotenbullen.com/,dierotenbullen,https://scontent-vie1-1.cdninstagram.com/vp/f7b250f55a9448923b325b719a8d1e69/5B60FEE8/t51.2885-19/s320x320/14547830_214551362295740_6092960800765378560_a.jpg,2396.0,139748.0,48.0,https://tickets.dierotenbullen.com/,#Bundesliga #KK44 #DieRotenBullen #Nachwuchsbullen #B3 #Repost #Bremen #Weserstadion #bundesliga #EuropaLeague #JKA29 #Bernardo #RBLonTour #NabyKeita #NK8 #InDerFernePunkten #YP9 #RBLFans12 #NeuerRBLRekordspieler #SVWRBL #Yussi170 #Hartmann #UEL #PG32 #Ausw√§rtsspiel #Majetschak #RBL #Gl√ºckwunschYussi #Augustin #svwrbl RBLKabinengespr√§ch B04 Demme UEL JKA29 M√ºnster RBLU17 SVWRBL RoadToLyon Werner Wendell RBLB04 Bayer04 Hasenh√ºttl Kohfeldt Bundesliga StadeVelodrome Laimer AufGehtsLeipzig VollerFokusAufOMRBL Leverkusen Baumgartlinger Rangnick SVWerder Retsos Bruma Upamecano RBLonTour RBLFans12 NK8 TW11 Gul√°csi MH23 Poulsen RBL GemeinsamRotWei√ü Klostermann Leno WOBFCA Sabitzer Brandt ESLMeisterschaft RBLeipzig Kruse Pavlenka Herrlich UELTeamDerWoche Hartmann Havertz Lookmann Kaderschmiede Halstenberg Mintzlaff RedBullArena EuropaLeague BSCRBL RBLFansOnTour EuroLeague Marseille Leipzig DieRotenBullen Bernardo Ronaldo K√∂hn Frommer FIFA18 FCB Kampl RBLU19 NabyKeita ExpeditionEuropa Klau√ü RBLOM Forsberg Ilsanker Bender Volland EL OMRBL Majetschak Garcia Keita
Real Betis,NaN,NaN,NaN,NaN,RealBetis,567611.0,75.0,2717.0,58490.0,http://www.realbetisbalompie.es/es/,realbetisbalompie,https://scontent-vie1-1.cdninstagram.com/vp/6ceefb3233dd1186ce0437a35062ccc5/5B668601/t51.2885-19/s320x320/28763843_1802582169805429_5551838605581746176_n.jpg,3718.0,352915.0,32.0,https://dgt.ltd/2v1UCFz,#D√≠aDeBetis #GironaRealBetis #RealBetis #realbetis OrgullGiron√≠ GironaGironaYGirona Betis RealBetisLasPalmas APPsistencia RBBjuvenilA RealBetisM√°laga D√≠aDeBetis RealBetisEibar VamosBetisDeportivo OnceSeguro D√≠aInternacionalDelBeso ElGranDerbi GironaRealBetis CanteraBetis BetisDeportivo M√°sAll√°DelF√∫tbol Appsistencia AtletiRealBetis RealBetis RetoLipasam
Real Madrid,NaN,NaN,NaN,NaN,realmadrid,30221535.0,53.0,13.0,61566.0,https://www.realmadrid.com/,realmadrid,https://scontent-vie1-1.cdninstagram.com/vp/6a4c141a5da122e4c5a58e933a2e6d7f/5B57EFB3/t51.2885-19/s320x320/14262895_645769338925881_743045791_n.jpg,2037.0,57153409.0,33.0,https://youtube.com/watch?v=eZfdR3GEL_M,#RMUCLnWell #RMDerbi #APorLa13nWere #HalaMadridnüëá #HalaMadrid #RMCity #RMFans #RMLiga RMUCL RMCity HALAMADRID RMDerbi RealMadrid FIFA18 RMShop Realmadrid RMTV RMMovistar APorLa13 Jugador5EstrellasRM RMFans Twitter Emirates TangoSquadFC RMLiga Zidane HalaMadrid
Real Sociedad,NaN,NaN,NaN,NaN,RealSociedadEN,18751.0,90.0,26.0,8459.0,https://www.realsociedad.eus/en,realsociedad,https://scontent-vie1-1.cdninstagram.com/vp/c5efe3a70c70d7a3403ca3fe793a0508/5B72C4C4/t51.2885-19/s320x320/22157742_1862874303728057_5048793687773937664_n.jpg,3218.0,96754.0,65.0,https://www.realsociedad.eus/,#LaLiga #Football #FUT #84 #RealSociedad #TOTW #AtxurrakGora #AlgaraGara #RN2‚É£2‚É£ #LaLigaSantander #Repost #LasPalmasRealSociedad #GoazenNeskak EskerrikAskoXabi XP10 MilaEsker LeyendaRS RSFundazioa OneClubMan capi HombreSilbon TBT AupaTxuriUrdinak GraciasCapitanXabi Real OnThisDay GoazenMutilak XabiPrieto Zubieta RealSociedad LasPalmasRealSociedad realsocied RSFlash GoazenNeskak capit√°n
SC Bastia,NaN,NaN,NaN,NaN,SCBastia,299611.0,114.0,43.0,21114.0,http://www.sc-bastia.corsica/,scbastia,https://scontent-vie1-1.cdninstagram.com/vp/d5b466dd103e9086c9dffc22bdac970a/5B652980/t51.2885-19/s320x320/20968471_278852579185443_1891172210366742528_a.jpg,836.0,28441.0,13.0,http://www.sc-bastia.corsica/,#Furmazione #Furiani #SCBVFSJB #ForzaBastia #Giuvent√πTurchina #Intrenamentu #SCB #Corsica #Bastia #Ritratti #Sabbatu #BastiaCannes #Vittoria #Sporting #MaiCappi√† #CentruJulesFilippi #SCBASC #StadiuArmandCesari U15 SCBASC SCBVFSJB R4 StadiuArmandCesari U19 ASGSCB U17 GhjornuDiScontru
SC Freiburg,NaN,NaN,NaN,NaN,scfreiburg,265703.0,101.0,202.0,5741.0,https://www.scfreiburg.com/,scfreiburg,https://scontent-vie1-1.cdninstagram.com/vp/9de334aaef3b4ba462aeee1633d76e6c/5B54C1E4/t51.2885-19/s320x320/13388766_1010226422394100_602991400_a.jpg,1242.0,40749.0,41.0,http://www.scfreiburg.com/,#ausw√§rts #M05SCF #Streich: #fans #SCF-Training #Zitat #training #bundesliga #H√∂ler #autogramme #r√ºckhalt #studiogast #SCF #Jasper #scfreiburg #swr #Interview #sportimdritten #PK #leidenschaft #SCFWOB #interview #Brinkhoff #kampf #heimspiel #mainz05 #vflwolfsburg #fsvmainz05 #SCFnnLieber #tv #SCFWOBnnEs #scf Zeyer PK SSVSCF Saier Labbadia SCFVFB Benkarth Jasper Baier SCF Koch K√ºbler S04SCF SCFVfB Burgstaller Korkut SCFFrauen G√≥mez Gulde Sierro Terrazzino SCFU23 Kleindienst Leki Martinelli Brinkhoff SCFU19 G√ºnter Santini Blank M05SCF TURIRL Tedesco Schuster Petersen s04scf PETERSEN InternationalerTagGegenRassismus SCFWOB Kath Streich H√∂ler Didavi Stenzel Lienhart Schwolow Stieler
SD Eibar,NaN,NaN,NaN,NaN,SDEibar,184020.0,131.0,2256.0,30545.0,http://www.sdeibar.com/eu,sdeibar,https://scontent-vie1-1.cdninstagram.com/vp/b61c61bc2d17ad731a52a6b728b15983/5B663B5B/t51.2885-19/s320x320/22858011_292362721251916_5531465243529576448_n.jpg,3569.0,40629.0,88.0,http://eibarstore.com/,#comicseries #felizlunes #EibarPulp #AnotherFootballisPossiblen‚ùå #EuskalDerbia #AlgaraGara #Repost #Newlevels #eibar #LaLiga #eibarhistory #jordicalavera #15 #BasqueDerby #ipurua #EibarAlaves #CommonGoal #AnotherFootballisPossible #DerbiVasco #eibaralaves #yoelrodriguez #goraeibar #friends #mondaymood #laliga INSTAGRAM EibarRealSociedad Zapico instagram IgorJauregi armagintxoak Atxabalpe BIFS18 RealBetisEibar futfem EibarOiartzunfem EibarAlaves Robotika CommonGoal BetisEibar AupaEibar EibarPulp mondaymood EibarHistory AnotherFootballisPossible MemorialValenciaga backtowork LaLiga EibarOiartzun EibarLive ValenciaEibar JointheTeam
SM Caen,NaN,NaN,NaN,NaN,SMCaen,192445.0,287.0,7438.0,49489.0,http://www.smcaen.fr/,smcaen,https://scontent-vie1-1.cdninstagram.com/vp/4f71008c56ca46616eb4a45b5cace456/5B6212BD/t51.2885-19/s320x320/19122066_772051042977305_7215615133966401536_a.jpg,861.0,31872.0,69.0,http://www.smcaen.fr/,#ASCSMC #SMCTFC #TeamSMC SMCaen TeamSMC Nat3 PartoucheBarre HackathonSMC ESTACSMC N3 NP JoubliePasDouJeViens GraceDeDieu CDF SonDuJour AllezCaen cannes2018 AllezMalherbe ASCSMC Deb√®ve SMCTFC SMCASM TeamFrance SMCPSG AlloMalherbe LeVestiaire Ligue1Conforama OMRBL YPP YaPasPeno
SSC Napoli,NaN,NaN,NaN,NaN,sscnapoli,1352924.0,97.0,444.0,30643.0,http://www.sscnapoli.it/,officialsscnapoli,https://scontent-vie1-1.cdninstagram.com/vp/1efad407a0a251fbb75ff66c9ce1a991/5B6A4BB7/t51.2885-19/s320x320/14723716_1516691788348745_4665336671124848640_n.jpg,5108.0,827400.0,60.0,http://www.sscnapoli.it/,#MilanNapolinüáÆüáπ #Callejon #SerieATIMnüíô #SSCNapoli #Repost #memorialedellashoahdimilano #SSCNworld #SerieA #Mertens #ForzaNapoliSempren****nüõ´ #Vecchioni #OggiAvvennenQuanti #ForzaNapoliSempren***nüì∏ #Hamsik #ForzaNapoliSempre #SerieAn‚öΩ #OnThisDayn‚öΩ #MilanNapolinüõ¨ #Sarri #MilanNapoli #NapoliFiorentina MoreThanFootball Diawara Callejon GoalOfTheDay Mertens TorinoNapoli Primavera1 Chiriches VivoAzzurro FiorentinaNapoli Zielinski Insigne JuveNapoli OggiAvvenne CastelVolturno Hamsik NapoliFiorentina Maggio ECAGeneralAssembly koulibaly26 NapoliGenoa UEFA SassuoloNapoli BolognaNapoli NapoliChievo memorialedellashoahdimilano Cannavaro Sarri Nazionale SerieA AtalantaNapoli MessicoCroazia SerieATIM WembleyStadium UCL OnThisDay NapoliUdinese Primavera1Tim MilanNapoli koulibaly LazioNapoli Sparapalloni Vecchioni ECA InghilterraItalia SenegalBosnia Reina Rog ForzaNapoliSempre Morethanfootball
SV Darmstadt 98,NaN,NaN,NaN,NaN,sv98,99455.0,72.0,142.0,21756.0,https://www.sv98.de/,svdarmstadt1898,https://scontent-vie1-1.cdninstagram.com/vp/56e6bf066cc7457fc6f6051b83c676ee/5B4FF4E9/t51.2885-19/s320x320/14733260_1179270835500666_1486293992789245952_a.jpg,2479.0,42110.0,27.0,http://www.sv98.de/,#KSVD98 #Lilien #D98EBS #WeFightTogether #Lilien: KSVD98 bike2work ksvd98 WeFightTogether NLZ FCBBVB D98F95 sv98 D98EBS Lilien Junglilien SV98 wirsindDA lilien mdrza d98
Sampdoria,NaN,NaN,NaN,NaN,sampdoria,325680.0,47.0,1804.0,33548.0,http://www.sampdoria.it/,unionecalciosampdoria,https://scontent-vie1-1.cdninstagram.com/vp/9562b769c621974ecaea93ba7f61c838/5B4FC99E/t51.2885-19/s320x320/19535237_1948286465453531_6756344402580340736_a.jpg,876.0,100788.0,33.0,http://www.sampdoria.it/,#GradinataSud #Zapata #Sampdoria #SampthingDifferent #Flachi #Derby #SampGenoa #Pasqua #HappyEaster #BuonaPasqua #Capezzi #ChinaCup #derby #ChievoSamp #Gaslini #AtalantaSamp #Alvarez U15 Barreto Highlights Bereszynski SassuoloSamp focuson Pavan forzadoria Kownacki Pasqua Academy Praet Bergamo Villa Strinic Ferrero Maspero Torreira Caprari AtalantaSamp Buffon Turchia SampGenoa ForzaSamp Zapata Primavera1TIM Genova ZAPATA VAR SampJuve Efeso BelgiansInItaly Derby Andersen Romei derby LevanteBlucerchiato FiorentinaSamp SampBologna Arbitri JuveSamp SampthingDifferent Sampdoria Quagliarella Giampaolo VintageGoal Romics Juric SerieATIM Balde Alvarez Massa ProFarra AtalantaSampdoria Galia RomaSamp SampCagliari Mikulic UCL Ballardini Berisha Esordienti2006 EuropaLeague U17 Mariani Bogliasco eSports DavisCup Testore Murru AIA Palombo Sala PremiumSport GiudiceSportivo Noah Capezzi Bubba SololaSampdoria U16 Ram√≠rez Lonewolf92 arbitri
Sassuolo Calcio,NaN,NaN,NaN,NaN,SassuoloUS,249790.0,27.0,2284.0,11162.0,http://www.sassuolocalcio.it/,sassuolocalcio,https://scontent-vie1-1.cdninstagram.com/vp/7f5290fcddbe40d7a8c49401cbb11f59/5B6E023C/t51.2885-19/s320x320/15803761_343512549350371_816656373130461184_a.jpg,1715.0,79330.0,48.0,http://www.sassuolochannel.tv/,#Matri #SerieATIM #Politano #ForzaSasol #MilanSassuolo #SassuoloBenevento: #JuniorTIMCup #Berardi #MonteCimone #Sassuolon #Sportradar #JTC #SanSiro #Goldaniga #MilanSassuolonnMILAN: #Lirola #MilanSassuolo: #Repost #Sassuolo #IlCalcio√®DiChiLoAma Italia DellOrco HellasSassuolo Under21 MilanSassuolo azzurre RavennaSassuolo CrotoneSassuolo RomaBarca Sensi ReadyToPlay ChievoSassuolo chievosassuolo sfida UnitialCentro ViareggioCUP MILAN Iachini VoltaPower Under15 Calabria SassuoloFiorentina Primavera1TIM QuartaCategoria SassuoloJuve Pegolo JuniorTIMCup MapeiStadium SassuoloBenevento Under17 UdineseSassuolo Primavera SassuoloNapoli Femminile ViareggioCup Nazionale SerieA forzasasol Adjapong CHIEVO Berardi NAPOLI Sassuolo UCL MemorialSassi Giovanili BuonaPasqua Mapei Ragusa ForzaSasol FiorentinaSassuolo Scamacca CoppaItalia BuonCompleanno Grecia AtalantaSassuolo HappyBDay Goldaniga SassuoloChannel FaseElite Pulcini Under19 MonteCimone CagliariSassuolo SassuoloJuventus
Sevilla FC,NaN,NaN,NaN,NaN,SevillaFC,925703.0,333.0,13.0,50552.0,http://www.sevillafc.es/,sevillafc,https://scontent-vie1-1.cdninstagram.com/vp/1e8ef3db6aa5eed3b4bbd087bb8caba6/5B691A3E/t51.2885-19/11248905_919911524713818_1664754665_a.jpg,1160.0,403690.0,69.0,http://www.sevillafc.es/,#FCBSFCu202c #SevillaFCnn#vamosmisevilla #TodosJuntosAOtraFinal #SacaleM√°sPartidoAlCole #SevillaFCVillarreal #vamosmisevilla #SevillaFC #FCBSFC #UCL #TodosJuntos CeltaSevillaFC SevillaFC SevillaFCVillarreal AllTogetherToAnotherFinal SFC FCBSFC vamosmisevilla SiSePuede VamosMiSevilla TodosJuntos MondayMotivation Creer packmas UCL BayernSFC SiAlguienLoCreeImposibleElSevillaLoHar√°Posible NBFootball SFCFCB CopaDelRey FCBayern
Southampton FC,NaN,NaN,NaN,NaN,SouthamptonFC,953139.0,231.0,9827.0,76854.0,https://southamptonfc.com/,southamptonfc,https://scontent-vie1-1.cdninstagram.com/vp/215aa3b4446b202b5161fc2f3a59abbe/5B59F1BB/t51.2885-19/s320x320/24177359_142907736474080_1604627458554855424_n.jpg,4561.0,332944.0,67.0,http://www.southamptonfc.com/,#WatfordFC #saintsfc #SaintsFC #PL #NeverMoreSure #CFC #OnThisDay CFC EFC saintsfc Lionessess WallpaperWednesday WHUFC WatfordFC FFC SaintsFCU18s BHAFC Arsenal FIFAWWC OnThisDay Swans U18PL NeverMoreSure PL2 Lionesses Wales SaintsFCU23s MCFC PL SaintsFC EmiratesFACup
Sporting Gij√≥n,NaN,NaN,NaN,NaN,RealSporting,199789.0,125.0,699.0,32467.0,https://www.realsporting.com/,realsporting,https://scontent-vie1-1.cdninstagram.com/vp/5d6342dd7f645d6da8f869b311b12510/5B69365F/t51.2885-19/s320x320/29715932_138104276901264_389458529070612480_n.jpg,1027.0,45545.0,78.0,http://realsporting.com/,#Fundaci√≥nRSGnnAcuerdo #RealValladolidSportingn#BatallaSinCesarn#PuxaSporting #BatallaSinCesarn#PuxaSportingnnFoto: #PuxaSporting #BatallaSinCesar #ElBrazaleteViajero #MareoEsF√∫tbol #RealValladolidSporting #Jugador5EstrellasRSG #D√≠aInternacionalDelBeso Sportium Sporting Liga123 Gij√≥n laLiga LaLiga gratis futbol
Stade Rennais,NaN,NaN,NaN,NaN,staderennais,317685.0,426.0,3977.0,32332.0,https://www.staderennais.com/,staderennaisfc,https://scontent-vie1-1.cdninstagram.com/vp/caf0f4e4c6cc85388343749365827ec1/5B5C2695/t51.2885-19/s320x320/12918412_251968201815527_2128793630_a.jpg,1103.0,63388.0,80.0,http://www.staderennais.com/,#RougeEtNoir #TapisRouge #StadeRennaisnüóìDimanche #BZH #PassionRougeEtNoir #foot #Gelin #Rennes #Breizh #Sarr #cameraman #Kids #celtic #SRFC #impatient #StadeRennais #RCK #buteur #RoazhonPark #Ligue1 #SRFCFCM #mascotte StudentsCup WarmUp J32 Koubek SRFCFCM legumes Nice lyc√©elatouche OuestMedias Andr√© agriculture Hantz RoazhonFerme bzh RougeEtNoir agriculteurs U13 SRFC N2 U15R1 J33 Khazri U17R1 D√©termin√© SocialRoomFC TousEnsemble Gourcuff Lamouchi weekend U19Nat R1 Grenats alaune FRACAN leader TDJ2018 JA Gertmonas UNSS StadeRennais PassionRougeEtNoir ja35 partenariat OGCNSRFC
Stoke City,NaN,NaN,NaN,NaN,stokecity,946813.0,181.0,1091.0,36590.0,NaN,stokecity,https://scontent-vie1-1.cdninstagram.com/vp/626144faa42d2af1f5e8feac08951ce9/5B541E65/t51.2885-19/s320x320/14128760_299525933738001_1639754579_a.jpg,1505.0,305769.0,42.0,http://www.stokecityfc.com/,#Repost #SCFC PL2 FridayFeeling Spurs COYS THFC PL SCFC
Sunderland AFC,NaN,NaN,NaN,NaN,SunderlandAFC,840095.0,1094.0,5317.0,66359.0,NaN,sunderlandafcofficial,https://scontent-vie1-1.cdninstagram.com/vp/ee94d37af7adac20ad95a258e0060ed0/5B6DD8C7/t51.2885-19/s320x320/23101614_2068410640049448_5573681598068424704_n.jpg,3815.0,179300.0,148.0,http://bit.ly/2i2joPQ,#SAFC #HawaytheLads #HawayTheLads HawayTheLads FIFA18 SAFC EFLAwards ThrowbackThursday safc SAFCAcademy GrandNational WorldCup2018
Swansea City,NaN,NaN,NaN,NaN,SwansOfficial,918042.0,316.0,1505.0,43373.0,NaN,swansofficial,https://scontent-vie1-1.cdninstagram.com/vp/2c47f1414c18b7d8787a50b370e58661/5B5E79C9/t51.2885-19/s320x320/24254626_2057530667824316_4019654386178326528_n.jpg,1870.0,224466.0,105.0,http://swanseacity.com/,#JackArmy #Swans #fabianski #swansea #pl #ayew #jackarmy #jordanayew #swaeve #swans #JordanAyewnn#swans #premierleague WBA PL2 TheSwansShow tudovaicorrerbem SWAEVE COYB TheCarlosCollection NationalSiblingsDay TBT ProudPartner RS35 SwansU23s OnThisDay PLCup PLMoment WBASWA Swans
Torino FC,NaN,NaN,NaN,NaN,IagoFalque14,10231.0,185.0,34.0,434.0,https://www.instagram.com/iagofalque14/,torinofc.fanpage,https://scontent-vie1-1.cdninstagram.com/vp/2fb98d94590495bbec3eda1f7d82600d/5B6F29F9/t51.2885-19/s320x320/19955509_136450006939472_495865450475814912_n.jpg,432.0,47208.0,109.0,http://www.torinofc.it/,#Ljajic #Toro #ForzaToro CagliariTorino HalfTime TorinoMilan SUV Ignis TimCupPrimavera halftime SportItalia ChievoVeronaTorino StartingXI SuzukiSport Suzuki Ljajic MilanTorino PrimaveraTimCup FVCG TorinoChannel ChievoTorino LegaSerieA lapresse PorteAperte TorinoInter TorCro TorinoCrotone SFT Mazzarri PrimaveraTIMCup
Tottenham Hotspur,NaN,NaN,NaN,NaN,SpursOfficial,2867863.0,285.0,2351.0,75263.0,http://www.tottenhamhotspur.com/,spursofficial,https://scontent-vie1-1.cdninstagram.com/vp/33452612180049e808e53ecad77fedb9/5B58948C/t51.2885-19/s320x320/24124817_156135311784603_7305384619082252288_n.jpg,3982.0,1992053.0,49.0,http://spurs.to/SpursInUSA2018,#COYS #SpursInUSA #THFC PFAawards PL2 MondayMotivaton FridayFeeling Wrestlemania Hawkspotting FIFA18 COYS SundayMorning SpursInUSA TOTW THFC TheMasters OnThisDay MCFC PL SCFC OneOfOurOwn Sunshine ThursdayThoughts
Toulouse FC,NaN,NaN,NaN,NaN,ToulouseFC,454132.0,3510.0,8602.0,53550.0,http://www.tfc.info/prehome,toulousefc,https://scontent-vie1-1.cdninstagram.com/vp/3d3cad7cdc1d177d68106844218f6acd/5B73450B/t51.2885-19/s320x320/17663468_584242538412705_8982688701016440832_a.jpg,2041.0,48580.0,154.0,http://www.tfc.info/,#PhotoOfTheDay #Football #football #throwback #TFCDFCO #Ligue1 #ByToulouse #PicOfTheDay #SpringBreakTFC #SoccerLife #InstaTFC #Toulouse #Soccer Betclicsuite CampusTFC DFCO Periscope Khalid PItchouns PremiereFois OLTFC Amian SonDuJour Somalia Tourn√©eSOTFC TFCSCO TFCLOSC PurplePower Odyssea FCGBTFC TFCDFCCO SRFCTFC SpringbreakTFC GraineDePitchouns SpringBreakTFC Deb√®ve CentreDeFormation SMCTFC NoBetNoGame LaBr√®veDeMika Mubele Stadium BetclicSuite TFCDFCO Zanko Diop National3 NP
UD Las Palmas,NaN,NaN,NaN,NaN,UDLP_Oficial,253435.0,152.0,996.0,53212.0,https://www.udlaspalmas.es/,udlaspalmasoficial,https://scontent-vie1-1.cdninstagram.com/vp/7be1266ff69a3f1e65988f443e530c29/5B605A34/t51.2885-19/s150x150/15306001_1810522855903767_7196291298712616960_a.jpg,2033.0,101441.0,33.0,http://www.youtube.com/oficialudlaspalmas,#LasPalmasRealSociedad #Telden‰ªäÂ§©Michael #VamosUD #AmarillosPorElMundo #LevanteLasPalmas #GranDestino #TeldenMichel #GranCanaria AmarillosPorElMundo Telde GranCanaria DC2Ô∏è‚É£3Ô∏è‚É£ FanZone EspanyolLasPalmas CuotaDelD√≠a GranDestino TerritorioUD VamosUD cr√≥nica P√≠oP√≠o EstadioGranCanaria EstadioGC LasPalmasRealSociedad CaixaProinfancia LasPalmasRealMadrid Matchday UDLasPalmas AG20 UDRADIO LevanteLasPalmas
US Palermo,NaN,NaN,NaN,NaN,palermocalcioit,192732.0,11.0,108.0,21348.0,https://palermocalcio.it/it/,palermocalcioit,https://scontent-vie1-1.cdninstagram.com/vp/3105d4c62ff35bf8fb3d8c5c9b8acf5b/5B5B2267/t51.2885-19/10954757_776128999135316_1904078568_a.jpg,2152.0,66756.0,22.0,http://www.palermocalcio.it/,#TuttiAlBarberannPrezzi #TuttiAlBarberan‚è∞ #PalCrennSar√† #PalCre PalPes PalCre TuttiAlBarbera Rispoli
Udinese Calcio,NaN,NaN,NaN,NaN,Udinese_1896,274372.0,109.0,333.0,37447.0,http://www.udinese.it/,udinesecalcio,https://scontent-vie1-1.cdninstagram.com/vp/517030d82a8542b514a9ecb54df391b8/5B6F0F62/t51.2885-19/s320x320/20687065_831468737027354_8104628537664733184_a.jpg,3399.0,75009.0,67.0,http://www.udinese.it/,#bianconeri #Cagliari #SerieATIM #AleUdinnnüì∑ #Udinese #bianconeron#Cagliari #matchdaynüÜö #aleudin #NoiConVoi #CagliariUdinese #Bruseschi #bianconero #CagliariUdinese: #AleUdin #forzaudinese bianconero Gerolin Bruseschi DePaul CagliariUdinese Nuytinck DaciaTheAuction Balic AleUdin UdineseLazio Lasanga Udinese Barak Stryger Bizzarri Jankto Lazio Ingelsson Lasagna bianconeri SerieATIM bianconera Cagliari matchday ForzaUdinese Fiorentina AliAdnan MaxiLopez Perica UdineseFiorentina DaciaArena Fofana
Valencia CF,NaN,NaN,NaN,NaN,valenciacf,1115300.0,121.0,182.0,75852.0,http://www.valenciacf.com/,valenciacf,https://scontent-vie1-1.cdninstagram.com/vp/32d7f12f3b8063518cebfa7abcc1fb87/5B698120/t51.2885-19/s320x320/24174917_547033735630366_8282675917294141440_n.jpg,6373.0,421247.0,51.0,http://valenciacf.com/,#Football #VCF #AmuntValencian#Football #SomVCF #AmuntValencia VCFradio JugadorM√°sSeguro DiaInternacionalDelBeso AmuntValencia CampNou Bar√ßaValencia M√°sall√°delf√∫tbol ValenciaEspanyol JugadorMasSeguro Rodrigo CORblanquinegre ValenciaGetafe Tumejorjugada D√≠aInternacionalDelPortero ValenciaEibar FanOfTheMatch MestallaVolChampions reAMUNTada CeltaValencia Mestalla
VfL Wolfsburg,NaN,NaN,NaN,NaN,VfL_Wolfsburg,279910.0,174.0,1213.0,25255.0,https://www.vfl-wolfsburg.de/,vfl.wolfsburg,https://scontent-vie1-1.cdninstagram.com/vp/cc0787c8a67a0817a2154bf4f43e7dea/5B56A14D/t51.2885-19/10593459_560936590678215_636523052_a.jpg,2162.0,251835.0,92.0,https://www.vfl-wolfsburg.de/,#wolves #immernurdu #Matchday #jaeckel #allthebest #arnold #goalsüí™üì∑ #focus #bundesliga #origi #didavi #mondaymotivation #arbeitfussballleidenschaft #fussballistalles #gr√ºn #wobfca #verhaegh #littleaprilshower #vflwolfsburg #Uduokhai #william #welcomeback #gerhardt #fulltime #congratulations #scfwob Casteels Origi Labbadia Dallmann UnterW√∂lfen Menzel Bundesliga VBL Arnold Knoche MondayMotivation ManOfTheMatch GERCZE U19W√∂lfe Bazoer William Jaeckel W√∂lfinnen BSCWOB Aufstiegsspiele WOBFCA Uduokhai Gr√ºn VfLWolfsburg W√∂lfi UWCL VfLladies Herthinho Steffen VfLLadies Otto Itter GutKick U17W√∂lfe SCFWOB Doorsoun Magull SVNGER BLFantasy Didavi Brekalo Blaszczykowski U23W√∂lfe SKSWOB Camacho immernurdu
Villarreal CF,NaN,NaN,NaN,NaN,VillarrealCF,446248.0,169.0,12134.0,65284.0,https://www.villarrealcf.es/,villarrealcf,https://scontent-vie1-1.cdninstagram.com/vp/3937fa6c4507b0ff2363b483a40104e9/5B60856F/t51.2885-19/s320x320/12144201_522051057943214_477344478_a.jpg,1324.0,126355.0,77.0,http://www.villarrealcf.es/,#VillarrealAthletic #EstadioDeLaCer√°mica #Endavant #FemeninoBüíáu200d‚ôÄÔ∏è #Villarreal #Barbosa #CanteraGrogueta #SevillaFCVillarreal #VillarrealTV #JugadorConM√°sEstilo #QueTeTomenElPelo #DiaInternacionalDelPortero #FemeninoB: #D√≠aInternacionalDelBeso DiaInternacionalDelBeso LuchaContraElCancer EDI VYP EstadioDeLaCer√°mica vamosmisevilla CanteraGrogueta EndavantSolidaritat VillarrealTV VillarrealAthletic Villarreal JuntsSomM√©sForts SevillaFC SevillaFCVillarreal VillarrealCelta InfantilA QueTeTomenElPelo CVFNews Cr√≥nica VillarrealB VillarrealCF Jugador5EstrellasCVF EndavantEsports eSports LaLigaGenuine CVFVal VillarrealC CVFLive Endavant PLInternationalCup athlive
Watford FC,NaN,NaN,NaN,NaN,WatfordFC,430008.0,994.0,1730.0,37462.0,https://www.watfordfc.com/,watfordfcofficial,https://scontent-vie1-1.cdninstagram.com/vp/ad1a40ef8713c53acaec6d83f4377014/5B5FB8F6/t51.2885-19/s320x320/24253756_525606787802134_3392545764612767744_n.jpg,3012.0,198762.0,66.0,http://bit.ly/2EHpdN2,#htafc #watfordfc HUDWAT 138COMP WorldAutismAwarenessDay htafc WATBUR ThrowbackThursday EqualityInspires watfordfc
Werder Bremen,NaN,NaN,NaN,NaN,werderbremen_en,21902.0,22.0,577.0,15281.0,https://www.werder.de/en/,werderbremen,https://scontent-vie1-1.cdninstagram.com/vp/b446b132868ea1128682ee55c2b29c3d/5B56E89A/t51.2885-19/s320x320/28435506_208327646579988_1131179010059927552_n.jpg,5554.0,158576.0,40.0,http://www.werder.de/,#kohfeldt #Bundesliga #werder #Stylecheck #svw #DuBistEinWerder #topoftherock #junuzovic #dubisteinwerder #training #Repost #Bremen #Quiz #bundesliga #bremen #ootd #Style #eristeinmodelundersiehtgutaus #Werder #Bargfrede #happybirthday #Osterdeich #nordphoto #Pavlenka #Training #Werderweltweit #leipzig #Augustinsson #endlichfr√ºhling #Geburtstag #svwrbl Friedl SGE NationalSiblingsDay Harnik SVWSGE Jacobsen NiemalsAllein Augustinsson Bargfrede werder Kohfeldt Bundesliga H96 Kohfeldt2021 Belfodil Eggestein svwrbl Veljkovic Heimspiel Gondorf Kainz Moisander BremenTweets Bartels Throwback Langkamp h96svw Ailton GetOutChallenge svwsge KohfeldtsKingdom H96SVW Kruse Pavlenka FIFA Bremen Delaney TBT OnThisDay Baumann Drobny Klaus Junuzovic Eilers Werder Bauer
West Bromwich Albion,NaN,NaN,NaN,NaN,WBA,855387.0,940.0,1684.0,39460.0,NaN,wba,https://scontent-vie1-1.cdninstagram.com/vp/abc2f8bf941ae3c31ff6504bf755934a/5B5E76BC/t51.2885-19/s320x320/24127184_141215283200810_2080488295690665984_n.jpg,2428.0,190122.0,131.0,http://www.wba.co.uk/,#Field #Amalfitano #WBA #WBASWA #Gladiator #Fans #Gladiador #PL #PremierLeague #Baggies #Repost #MUNWBA WBA PL2 Foundation COYB BattleoftheBaggies BraggingRights TBT GoalOfTheDay MUNWBA WBABUR GC2018 ThrowbackThursday FoundationDay PL WBASWA OTD HappyEaster GrandNational
West Ham United,NaN,NaN,NaN,NaN,WestHamUtd,1431496.0,240.0,4562.0,82968.0,http://www.whufc.com/,westham,https://scontent-vie1-1.cdninstagram.com/vp/038172580afbb5a1ce622d0e5d14b097/5B58DCA7/t51.2885-19/s320x320/24125033_1996327473964869_5588053318850052096_n.jpg,4159.0,514273.0,54.0,https://youtu.be/9_zVfL9OWDw,#coyi AcademyofFootball Squad Clinical PL2 FridayFeeling Legend COYI GingerPele MrWestHam The12thMan 4ToWin CHEWHU TheMasters Irons Focus IRONS WestHamFamily
Santos,NaN,NaN,NaN,NaN,SantosFC,2721886.0,253.0,2620.0,49516.0,http://www.santosfc.com.br/,santosfc,https://scontent-vie1-1.cdninstagram.com/vp/b7b75252ad8dae29dedff2d9b9901411/5B5B434F/t51.2885-19/s320x320/26268394_1550455688370715_6932188764634611712_n.jpg,6747.0,586845.0,198.0,http://www.santosfc.com.br/,#SANxCEAn‚Ä¢nüì∑ #Santos106 #SANxCEA #Aqui√âSantos SereiasDaVila D√ÅOGOLPRODOD√î SantosFC106 MeninoDaVila Orgulhoquenemtodospodemter SantosSkate SantosMeuAmor SANxPOR CraqueDoPeix√£o Santos106Anos SANxCEA VemProPaca SantosDay SantosSempreSantos Santos106
Fenerbahce,NaN,NaN,NaN,NaN,Fenerbahce,6421527.0,67.0,7.0,56257.0,http://www.fenerbahce.org/,fenerbahce,https://scontent-vie1-1.cdninstagram.com/vp/dbb65f481389af3b7db94a0303d506cf/5B5D1640/t51.2885-19/s320x320/14262889_179882679113422_1228623285_n.jpg,13857.0,3033012.0,87.0,http://www.fenerbahce.org/,#Fenerbah√ße #Sarƒ±Melekler #FBSK FBSK Potanƒ±nKrali√ßeleri NeverEnough Fenerbah√ße Fenerbahce Sarƒ±Melekler
Galatasaray,NaN,NaN,NaN,NaN,GalatasaraySK,8352220.0,70.0,24.0,65275.0,http://www.galatasaray.org/anasayfa,galatasaray,https://scontent-vie1-1.cdninstagram.com/vp/0979b366f0096404c33d88b41a477656/5B6197D0/t51.2885-19/s320x320/14128697_938657752911037_1109896840_n.jpg,12218.0,4446492.0,61.0,http://galatasaray.org/,#Galatasaray #GSLukoilCard #GSvB≈ûK #MacÃßBensizOlmaz #Bug√ºnG√ºnlerdenGALATASARAY #GSvBSKnüì∫ #Hedef21 #LukoilTuÃàrkiye Ankara GSvTS WeAreTheBest Mission21 Sarayƒ±nSultanlarƒ± CIMBOM WEAREGALATASARAY GBvGS Galatasaray tbt CLVolleyW FBvGS GALATASARAY InternationalDayOfHappiness cimbom WomensDay WeAreGalatasaray MarchOnLions Hedef21 CimBom
AL Ahly SC,NaN,NaN,NaN,NaN,AlAhly,3114873.0,56.0,675.0,20138.0,NaN,alahlyegypt,https://scontent-vie1-1.cdninstagram.com/vp/b89687d8d29653d8298dfdaa7110cc13/5B630567/t51.2885-19/s320x320/28428726_148582455837909_4526827459047325696_n.jpg,1938.0,3105548.0,55.0,http://alahlyegypt.com/,#new #GOTM #ahly #africa #egypt #player #football #kit #alahlysc #ÿπŸÖÿ±Ÿà_ÿßŸÑÿ≥ŸàŸÑŸäÿ© #cairo #ŸÖÿ§ŸÖŸÜ_ÿ≤ŸÉÿ±Ÿäÿß #black #ÿ£ŸäŸÖŸÜ_ÿ£ÿ¥ÿ±ŸÅ #YallaYaAhly #ÿ≠ÿ≥ÿßŸÖ_ÿ∫ÿßŸÑŸä #selfie ÿßŸÑÿØÿßÿÆŸÑŸäÿ© CHAMPI4ONS ŸáÿØÿßŸÅ_ÿßŸÑŸÖÿØÿßŸÅÿπŸäŸÜ NextMatch training alahlysc egypt RoadToFourth Hossam_Ghaly TotalCAFCL GOTM ŸàŸÑŸäÿØ_ÿ£ÿ≤ÿßÿ±ŸàŸ¢ ÿßŸÑÿ£ŸáŸÑŸä ÿπŸÖÿ±Ÿà_ÿßŸÑÿ≥ŸàŸÑŸäÿ© NEXTMATCH ŸÖÿ≠ŸÖŸàÿØ_ÿßŸÑÿÆÿ∑Ÿäÿ® ÿØŸàÿ±Ÿä_ÿßÿ®ÿ∑ÿßŸÑ_ÿßŸÅÿ±ŸäŸÇŸäÿß ÿ•ŸÜÿ®Ÿä ÿ£ŸäŸÖŸÜ_ÿ£ÿ¥ÿ±ŸÅ ÿ∑ŸÜÿ∑ÿß ÿ¨ŸàŸÜŸäŸàÿ±_ÿßÿ¨ÿßŸäŸä ÿßŸÑŸÖÿßÿ±ÿØ_ÿßŸÑÿ£ÿ≠ŸÖÿ± ŸÖÿπŸÑŸàŸÖÿ©_ŸÖŸÜ_ÿßŸÑÿ™ÿ™ÿ¥ RoadToNinth players ŸÖÿ≠ŸÖÿØ_ŸáÿßŸÜŸä ÿßŸÑÿ£ŸáŸÑŸâ_ÿ≤Ÿä_ÿßŸÑŸÜŸáÿßÿ±ÿØÿ© ŸÖŸäÿØŸà_ÿ¨ÿßÿ®ÿ± ÿßŸÑÿ£ŸáŸÑŸä_ŸäŸÜÿ∑ŸÑŸÇ YallaYaAhly cairo WelcomeBackGilberto ÿßŸÑÿÆÿ∑Ÿäÿ® football ŸÖÿ§ŸÖŸÜ_ÿ≤ŸÉÿ±Ÿäÿß ÿ≠ÿ≥ÿßŸÖ_ÿßŸÑÿ®ÿØÿ±Ÿä MATCHDAY ÿßŸÑŸÅÿ¨Ÿäÿ±ÿ© ŸÖÿ±ŸàÿßŸÜ_ŸÖÿ≠ÿ≥ŸÜ ŸÖŸàŸÜÿßŸÜÿß ÿ•ÿ≥ŸÑÿßŸÖ_ŸÖÿ≠ÿßÿ±ÿ® ŸàŸÑŸäÿØ_ÿ≥ŸÑŸäŸÖÿßŸÜ ÿ≥ŸÖŸàÿ≠ÿ© Champions
Besiktas,NaN,NaN,NaN,NaN,Besiktas,3745340.0,46.0,3.0,42624.0,http://www.bjk.com.tr/tr,besiktas,https://scontent-vie1-1.cdninstagram.com/vp/b1c84d24d504bdeab6d56a2d850c2ea1/5B5F6241/t51.2885-19/s320x320/23421635_1355016614620383_2372662405302845440_n.jpg,12288.0,2045872.0,57.0,http://bit.ly/2G526J4,#Be≈üikta≈üSompoJapan #Be≈üikta≈ü Potanƒ±nKartallarƒ± Be≈üikta≈üƒ±nMa√ßƒ±Var BirliktePayla≈üalƒ±m Be≈üikta≈üSompoJapan VodafonePark2Ya≈üƒ±nda S√ºleymanSeba Ma√ßBensizOlmaz Be≈üikta≈üMogaz ShareTogether Be≈üikta≈ü Be≈üikta≈üDergisi ZafereKanatlan
New York Red Bulls,NaN,NaN,NaN,NaN,NewYorkRedBulls,203842.0,1989.0,9815.0,48854.0,https://www.newyorkredbulls.com/,newyorkredbulls,https://scontent-vie1-1.cdninstagram.com/vp/ceceea57a0807cff95297164d68f5aab/5B5D5BE0/t51.2885-19/s320x320/26156926_367981733669463_912309538240069632_n.jpg,6323.0,119966.0,318.0,http://bit.ly/2FNrTsW,#REDTogether #NYisRED #RBNY #RBNYvMTL semiFinalLeg2 NationalSiblingsDay AllIn RBNY godbless allin RICvNY EarthDay2018 IMFC SSCL2018 NowWeRise CCLFever red NYRBII eMLSCup Nyisred AutismAwareness RBNYvCVG REDTogether SCCL2018 RBNYvMTL rbny RedTogether eMLS
Los Angeles Galaxy,NaN,NaN,NaN,NaN,LAGalaxy,461854.0,1996.0,1758.0,85235.0,https://www.lagalaxy.com/,lagalaxy,https://scontent-vie1-1.cdninstagram.com/vp/19b3a54b3d7fd11e80d06117673bfd5b/5B71FCE2/t51.2885-19/s320x320/26333746_1629841413761757_4412195138399371264_n.jpg,8076.0,666443.0,949.0,http://lagalaxy.com/since96,#Since96 #LAGalaxy #CHIvLA LakeShow acb121 LAGalaxy LAvPHX GoKingsGo LAKingsNight ATTGotW shutout Since96 angelcitybrigade FUT eLAGalaxy LAGalaxyCup zLAtan roadwin CHIvLA OCvLA LAxPHX cf97 eMLSCup LAGalaxyAcademy FIFA18 GOKINGSGO MikeLA lagalaxy LAGalaxyFoundation LosDos LAvSKC eMLS StanleyCup
Boca Juniors,NaN,NaN,NaN,NaN,BocaJrsOficial,3295116.0,178.0,300.0,76531.0,http://www.bocajuniors.com.ar/,bocajrsoficial,https://scontent-vie1-1.cdninstagram.com/vp/21196dd08d4ce001dabfbd49fc833fcd/5B695B03/t51.2885-19/s320x320/23498333_304661333351888_7629791131106017280_n.jpg,4809.0,2220870.0,60.0,http://www.bocajuniors.com.ar/,#B√°squet #Palmeiras #Juveniles #Boca #CopaLibertadores #Tevez #VamosBoca #DiaInternacionalDelBeso #SUPERLIGA CopaLibertadores Octava Quinta DiaInternacionalDelBeso Basquet Copa VamsoBoca Cuarta Sexta Juveniles VoleyFemenino B√°squet VamosLasPibas BocaSolidario Novena S√©ptima Cultura Reserva LigaDelPotrero Concentrados VamosBoca BOCA Guillermo Boca LaLiga V√≥leyFemenino Newell ParteM√©dico
River Plate,NaN,NaN,NaN,NaN,CARPoficial,2829960.0,76.0,163.0,65787.0,NaN,carpoficial,https://scontent-vie1-1.cdninstagram.com/vp/74c5396da4ad7940e174afd7bdd248a4/5B6FE966/t51.2885-19/s320x320/19052049_471829823151934_8210662063203155968_a.jpg,3302.0,1730074.0,53.0,http://www.cariverplate.com.ar/,#RiverPlate #VamosRiver #CARP #WixyElM√°sGrande #AmorPorRiver #DaleRiver GolesSonAmores F√∫tbolParaCiegos Palacios DeportesAdaptados RiverCamp River ConmebolLibertadores VamosRiver Juveniles B√°squet CumpleCasco RiverEsDeporte Armani FiguraRiver Hockey Estad√≠sticas D√≠aInternacionalDelBeso Reserva RivalesNoEnemigos RIVER CumpleAlonso CumpleZucu Supercl√°sico RiverSolidario Efem√©rides GolesPorLaPaz V√≥ley Entrenamiento GimasiaR√≠tmica Malvinas
